2026-07-12T17:15:48Z	674	2	frontier03838	2048
2026-07-12T17:15:48Z	673	1	frontier03838	2048
2026-07-12T17:15:48Z	676	4	frontier03838	2048
2026-07-12T17:15:48Z	678	6	frontier03838	2048
2026-07-12T17:15:48Z	675	3	frontier03838	2048
2026-07-12T17:15:48Z	672	0	frontier03838	2048
2026-07-12T17:15:48Z	679	7	frontier03838	2048
2026-07-12T17:15:48Z	677	5	frontier03838	2048
2026-07-12T17:15:48Z	47	7	frontier00129	2048
2026-07-12T17:15:48Z	43	3	frontier00129	2048
2026-07-12T17:15:48Z	46	6	frontier00129	2048
2026-07-12T17:15:48Z	44	4	frontier00129	2048
2026-07-12T17:15:48Z	45	5	frontier00129	2048
2026-07-12T17:15:48Z	42	2	frontier00129	2048
2026-07-12T17:15:48Z	41	1	frontier00129	2048
2026-07-12T17:15:48Z	40	0	frontier00129	2048
2026-07-12T17:15:48Z	1390	6	frontier06792	2048
2026-07-12T17:15:48Z	1385	1	frontier06792	2048
2026-07-12T17:15:48Z	1388	4	frontier06792	2048
2026-07-12T17:15:48Z	1391	7	frontier06792	2048
2026-07-12T17:15:49Z	1384	0	frontier06792	2048
2026-07-12T17:15:49Z	713	1	frontier03956	2048
2026-07-12T17:15:49Z	712	0	frontier03956	2048
2026-07-12T17:15:49Z	1386	2	frontier06792	2048
2026-07-12T17:15:49Z	717	5	frontier03956	2048
2026-07-12T17:15:49Z	1387	3	frontier06792	2048
2026-07-12T17:15:49Z	718	6	frontier03956	2048
2026-07-12T17:15:49Z	1389	5	frontier06792	2048
2026-07-12T17:15:49Z	715	3	frontier03956	2048
2026-07-12T17:15:49Z	298	2	frontier01721	2048
2026-07-12T17:15:49Z	300	4	frontier01721	2048
2026-07-12T17:15:49Z	302	6	frontier01721	2048
2026-07-12T17:15:49Z	301	5	frontier01721	2048
2026-07-12T17:15:49Z	296	0	frontier01721	2048
2026-07-12T17:15:49Z	716	4	frontier03956	2048
2026-07-12T17:15:49Z	1859	3	frontier08496	2048
2026-07-12T17:15:49Z	1863	7	frontier08496	2048
2026-07-12T17:15:49Z	714	2	frontier03956	2048
2026-07-12T17:15:49Z	297	1	frontier01721	2048
2026-07-12T17:15:49Z	719	7	frontier03956	2048
2026-07-12T17:15:49Z	299	3	frontier01721	2048
2026-07-12T17:15:49Z	303	7	frontier01721	2048
2026-07-12T17:15:49Z	1857	1	frontier08496	2048
2026-07-12T17:15:49Z	1860	4	frontier08496	2048
2026-07-12T17:15:49Z	1856	0	frontier08496	2048
2026-07-12T17:15:49Z	1861	5	frontier08496	2048
2026-07-12T17:15:49Z	1858	2	frontier08496	2048
2026-07-12T17:15:49Z	1862	6	frontier08496	2048
2026-07-12T17:15:49Z	1963	3	frontier09098	2048
2026-07-12T17:15:49Z	1967	7	frontier09098	2048
2026-07-12T17:15:49Z	1962	2	frontier09098	2048
2026-07-12T17:15:49Z	1961	1	frontier09098	2048
2026-07-12T17:15:49Z	1966	6	frontier09098	2048
2026-07-12T17:15:49Z	1965	5	frontier09098	2048
2026-07-12T17:15:49Z	1964	4	frontier09098	2048
2026-07-12T17:15:49Z	1960	0	frontier09098	2048
2026-07-12T17:15:49Z	1303	7	frontier06407	2048
2026-07-12T17:15:49Z	1302	6	frontier06407	2048
2026-07-12T17:15:49Z	1298	2	frontier06407	2048
2026-07-12T17:15:49Z	1301	5	frontier06407	2048
2026-07-12T17:15:49Z	1300	4	frontier06407	2048
2026-07-12T17:15:49Z	1297	1	frontier06407	2048
2026-07-12T17:15:49Z	1299	3	frontier06407	2048
2026-07-12T17:15:49Z	1296	0	frontier06407	2048
2026-07-12T17:15:49Z	228	4	frontier01171	2048
2026-07-12T17:15:49Z	225	1	frontier01171	2048
2026-07-12T17:15:49Z	231	7	frontier01171	2048
2026-07-12T17:15:49Z	227	3	frontier01171	2048
2026-07-12T17:15:49Z	224	0	frontier01171	2048
2026-07-12T17:15:49Z	229	5	frontier01171	2048
2026-07-12T17:15:49Z	226	2	frontier01171	2048
2026-07-12T17:15:49Z	230	6	frontier01171	2048
2026-07-12T17:15:49Z	975	7	frontier04787	2048
2026-07-12T17:15:49Z	971	3	frontier04787	2048
2026-07-12T17:15:49Z	974	6	frontier04787	2048
2026-07-12T17:15:49Z	972	4	frontier04787	2048
2026-07-12T17:15:49Z	968	0	frontier04787	2048
2026-07-12T17:15:49Z	973	5	frontier04787	2048
2026-07-12T17:15:49Z	970	2	frontier04787	2048
2026-07-12T17:15:49Z	969	1	frontier04787	2048
2026-07-12T17:15:51Z	596	4	frontier03567	2048
2026-07-12T17:15:51Z	597	5	frontier03567	2048
2026-07-12T17:15:51Z	593	1	frontier03567	2048
2026-07-12T17:15:51Z	598	6	frontier03567	2048
2026-07-12T17:15:51Z	592	0	frontier03567	2048
2026-07-12T17:15:51Z	595	3	frontier03567	2048
2026-07-12T17:15:51Z	599	7	frontier03567	2048
2026-07-12T17:15:51Z	594	2	frontier03567	2048
2026-07-12T17:15:51Z	331	3	frontier01973	2048
2026-07-12T17:15:51Z	332	4	frontier01973	2048
2026-07-12T17:15:51Z	330	2	frontier01973	2048
2026-07-12T17:15:51Z	333	5	frontier01973	2048
2026-07-12T17:15:51Z	329	1	frontier01973	2048
2026-07-12T17:15:51Z	334	6	frontier01973	2048
2026-07-12T17:15:52Z	1672	0	frontier07719	2048
2026-07-12T17:15:52Z	1677	5	frontier07719	2048
2026-07-12T17:15:52Z	328	0	frontier01973	2048
2026-07-12T17:15:52Z	335	7	frontier01973	2048
2026-07-12T17:15:52Z	1678	6	frontier07719	2048
2026-07-12T17:15:52Z	1673	1	frontier07719	2048
2026-07-12T17:15:52Z	1679	7	frontier07719	2048
2026-07-12T17:15:52Z	80	0	frontier00259	2048
2026-07-12T17:15:52Z	81	1	frontier00259	2048
2026-07-12T17:15:52Z	86	6	frontier00259	2048
2026-07-12T17:15:52Z	84	4	frontier00259	2048
2026-07-12T17:15:52Z	82	2	frontier00259	2048
2026-07-12T17:15:52Z	83	3	frontier00259	2048
2026-07-12T17:15:52Z	87	7	frontier00259	2048
2026-07-12T17:15:52Z	85	5	frontier00259	2048
2026-07-12T17:15:52Z	1674	2	frontier07719	2048
2026-07-12T17:15:52Z	1559	7	frontier07376	2048
2026-07-12T17:15:52Z	1557	5	frontier07376	2048
2026-07-12T17:15:52Z	1556	4	frontier07376	2048
2026-07-12T17:15:52Z	1675	3	frontier07719	2048
2026-07-12T17:15:52Z	1676	4	frontier07719	2048
2026-07-12T17:15:52Z	1554	2	frontier07376	2048
2026-07-12T17:15:52Z	1553	1	frontier07376	2048
2026-07-12T17:15:52Z	1555	3	frontier07376	2048
2026-07-12T17:15:52Z	1552	0	frontier07376	2048
2026-07-12T17:15:52Z	1558	6	frontier07376	2048
2026-07-12T17:15:52Z	1721	1	frontier07950	2048
2026-07-12T17:15:52Z	1720	0	frontier07950	2048
2026-07-12T17:15:52Z	1725	5	frontier07950	2048
2026-07-12T17:15:52Z	2024	0	frontier10150	2048
2026-07-12T17:15:52Z	2026	2	frontier10150	2048
2026-07-12T17:15:52Z	2030	6	frontier10150	2048
2026-07-12T17:15:52Z	2027	3	frontier10150	2048
2026-07-12T17:15:52Z	1722	2	frontier07950	2048
2026-07-12T17:15:52Z	2028	4	frontier10150	2048
2026-07-12T17:15:52Z	2029	5	frontier10150	2048
2026-07-12T17:15:52Z	2031	7	frontier10150	2048
2026-07-12T17:15:52Z	1726	6	frontier07950	2048
2026-07-12T17:15:52Z	2025	1	frontier10150	2048
2026-07-12T17:15:52Z	1727	7	frontier07950	2048
2026-07-12T17:15:52Z	1724	4	frontier07950	2048
2026-07-12T17:15:52Z	1723	3	frontier07950	2048
2026-07-12T17:15:53Z	1189	5	frontier05934	2048
2026-07-12T17:15:53Z	1191	7	frontier05934	2048
2026-07-12T17:15:53Z	1184	0	frontier05934	2048
2026-07-12T17:15:53Z	1186	2	frontier05934	2048
2026-07-12T17:15:53Z	1185	1	frontier05934	2048
2026-07-12T17:15:53Z	1188	4	frontier05934	2048
2026-07-12T17:15:53Z	1187	3	frontier05934	2048
2026-07-12T17:15:53Z	1190	6	frontier05934	2048
2026-07-12T17:15:53Z	127	7	frontier00541	2048
2026-07-12T17:15:53Z	121	1	frontier00541	2048
2026-07-12T17:15:53Z	126	6	frontier00541	2048
2026-07-12T17:15:53Z	2005	5	frontier09374	2048
2026-07-12T17:15:53Z	2003	3	frontier09374	2048
2026-07-12T17:15:53Z	2002	2	frontier09374	2048
2026-07-12T17:15:54Z	123	3	frontier00541	2048
2026-07-12T17:15:54Z	2001	1	frontier09374	2048
2026-07-12T17:15:54Z	122	2	frontier00541	2048
2026-07-12T17:15:54Z	120	0	frontier00541	2048
2026-07-12T17:15:54Z	124	4	frontier00541	2048
2026-07-12T17:15:54Z	2004	4	frontier09374	2048
2026-07-12T17:15:54Z	2007	7	frontier09374	2048
2026-07-12T17:15:54Z	2006	6	frontier09374	2048
2026-07-12T17:15:54Z	125	5	frontier00541	2048
2026-07-12T17:15:54Z	2000	0	frontier09374	2048
2026-07-12T17:15:54Z	181	5	frontier00777	2048
2026-07-12T17:15:54Z	180	4	frontier00777	2048
2026-07-12T17:15:54Z	830	6	frontier04338	2048
2026-07-12T17:15:54Z	831	7	frontier04338	2048
2026-07-12T17:15:54Z	826	2	frontier04338	2048
2026-07-12T17:15:54Z	825	1	frontier04338	2048
2026-07-12T17:15:54Z	176	0	frontier00777	2048
2026-07-12T17:15:54Z	179	3	frontier00777	2048
2026-07-12T17:15:54Z	177	1	frontier00777	2048
2026-07-12T17:15:54Z	824	0	frontier04338	2048
2026-07-12T17:15:54Z	829	5	frontier04338	2048
2026-07-12T17:15:54Z	827	3	frontier04338	2048
2026-07-12T17:15:54Z	182	6	frontier00777	2048
2026-07-12T17:15:54Z	828	4	frontier04338	2048
2026-07-12T17:15:54Z	178	2	frontier00777	2048
2026-07-12T17:15:54Z	183	7	frontier00777	2048
2026-07-12T17:15:54Z	1590	6	frontier07445	2048
2026-07-12T17:15:54Z	1586	2	frontier07445	2048
2026-07-12T17:15:54Z	1587	3	frontier07445	2048
2026-07-12T17:15:54Z	1584	0	frontier07445	2048
2026-07-12T17:15:54Z	1588	4	frontier07445	2048
2026-07-12T17:15:54Z	1591	7	frontier07445	2048
2026-07-12T17:15:54Z	1589	5	frontier07445	2048
2026-07-12T17:15:54Z	1585	1	frontier07445	2048
2026-07-12T17:15:54Z	1504	0	frontier07197	2048
2026-07-12T17:15:54Z	1509	5	frontier07197	2048
2026-07-12T17:15:54Z	1508	4	frontier07197	2048
2026-07-12T17:15:54Z	1505	1	frontier07197	2048
2026-07-12T17:15:54Z	1510	6	frontier07197	2048
2026-07-12T17:15:54Z	1506	2	frontier07197	2048
2026-07-12T17:15:54Z	1507	3	frontier07197	2048
2026-07-12T17:15:54Z	1511	7	frontier07197	2048
2026-07-12T17:15:54Z	1311	7	frontier06410	2048
2026-07-12T17:15:54Z	1310	6	frontier06410	2048
2026-07-12T17:15:55Z	1309	5	frontier06410	2048
2026-07-12T17:15:55Z	1304	0	frontier06410	2048
2026-07-12T17:15:55Z	1307	3	frontier06410	2048
2026-07-12T17:15:55Z	1305	1	frontier06410	2048
2026-07-12T17:15:55Z	1306	2	frontier06410	2048
2026-07-12T17:15:55Z	1308	4	frontier06410	2048
2026-07-12T17:15:55Z	70	6	frontier00133	2048
2026-07-12T17:15:55Z	65	1	frontier00133	2048
2026-07-12T17:15:55Z	67	3	frontier00133	2048
2026-07-12T17:15:55Z	71	7	frontier00133	2048
2026-07-12T17:15:55Z	66	2	frontier00133	2048
2026-07-12T17:15:55Z	68	4	frontier00133	2048
2026-07-12T17:15:55Z	64	0	frontier00133	2048
2026-07-12T17:15:55Z	69	5	frontier00133	2048
2026-07-12T17:15:55Z	776	0	frontier04116	2048
2026-07-12T17:15:55Z	782	6	frontier04116	2048
2026-07-12T17:15:55Z	783	7	frontier04116	2048
2026-07-12T17:15:56Z	777	1	frontier04116	2048
2026-07-12T17:15:56Z	778	2	frontier04116	2048
2026-07-12T17:15:56Z	781	5	frontier04116	2048
2026-07-12T17:15:56Z	779	3	frontier04116	2048
2026-07-12T17:15:56Z	780	4	frontier04116	2048
2026-07-12T17:15:56Z	1874	2	frontier08605	2048
2026-07-12T17:15:56Z	1872	0	frontier08605	2048
2026-07-12T17:15:56Z	1876	4	frontier08605	2048
2026-07-12T17:15:56Z	1873	1	frontier08605	2048
2026-07-12T17:15:56Z	1879	7	frontier08605	2048
2026-07-12T17:15:56Z	1877	5	frontier08605	2048
2026-07-12T17:15:56Z	1878	6	frontier08605	2048
2026-07-12T17:15:56Z	1875	3	frontier08605	2048
2026-07-12T17:15:57Z	1522	2	frontier07234	2048
2026-07-12T17:15:57Z	1521	1	frontier07234	2048
2026-07-12T17:15:57Z	1527	7	frontier07234	2048
2026-07-12T17:15:57Z	1520	0	frontier07234	2048
2026-07-12T17:15:57Z	1523	3	frontier07234	2048
2026-07-12T17:15:57Z	1525	5	frontier07234	2048
2026-07-12T17:15:57Z	1524	4	frontier07234	2048
2026-07-12T17:15:57Z	1526	6	frontier07234	2048
2026-07-12T17:15:57Z	1582	6	frontier07427	2048
2026-07-12T17:15:57Z	1578	2	frontier07427	2048
2026-07-12T17:15:57Z	1581	5	frontier07427	2048
2026-07-12T17:15:57Z	1579	3	frontier07427	2048
2026-07-12T17:15:57Z	1580	4	frontier07427	2048
2026-07-12T17:15:57Z	1583	7	frontier07427	2048
2026-07-12T17:15:57Z	1577	1	frontier07427	2048
2026-07-12T17:15:57Z	1576	0	frontier07427	2048
2026-07-12T17:15:57Z	1456	0	frontier07043	2048
2026-07-12T17:15:57Z	1462	6	frontier07043	2048
2026-07-12T17:15:57Z	998	6	frontier04856	2048
2026-07-12T17:15:57Z	993	1	frontier04856	2048
2026-07-12T17:15:57Z	995	3	frontier04856	2048
2026-07-12T17:15:57Z	997	5	frontier04856	2048
2026-07-12T17:15:57Z	1463	7	frontier07043	2048
2026-07-12T17:15:57Z	1460	4	frontier07043	2048
2026-07-12T17:15:57Z	1457	1	frontier07043	2048
2026-07-12T17:15:58Z	994	2	frontier04856	2048
2026-07-12T17:15:58Z	999	7	frontier04856	2048
2026-07-12T17:15:58Z	996	4	frontier04856	2048
2026-07-12T17:15:58Z	1153	1	frontier05746	2048
2026-07-12T17:15:58Z	1157	5	frontier05746	2048
2026-07-12T17:15:58Z	1155	3	frontier05746	2048
2026-07-12T17:15:58Z	1159	7	frontier05746	2048
2026-07-12T17:15:58Z	992	0	frontier04856	2048
2026-07-12T17:15:58Z	1152	0	frontier05746	2048
2026-07-12T17:15:58Z	1458	2	frontier07043	2048
2026-07-12T17:15:58Z	1158	6	frontier05746	2048
2026-07-12T17:15:58Z	1154	2	frontier05746	2048
2026-07-12T17:15:58Z	1461	5	frontier07043	2048
2026-07-12T17:15:58Z	1459	3	frontier07043	2048
2026-07-12T17:15:58Z	1156	4	frontier05746	2048
2026-07-12T17:15:58Z	151	7	frontier00646	2048
2026-07-12T17:15:58Z	147	3	frontier00646	2048
2026-07-12T17:15:58Z	145	1	frontier00646	2048
2026-07-12T17:15:58Z	148	4	frontier00646	2048
2026-07-12T17:15:58Z	149	5	frontier00646	2048
2026-07-12T17:15:58Z	146	2	frontier00646	2048
2026-07-12T17:15:58Z	1321	1	frontier06536	2048
2026-07-12T17:15:58Z	1323	3	frontier06536	2048
2026-07-12T17:15:58Z	1320	0	frontier06536	2048
2026-07-12T17:15:58Z	1327	7	frontier06536	2048
2026-07-12T17:15:58Z	506	2	frontier02989	2048
2026-07-12T17:15:58Z	508	4	frontier02989	2048
2026-07-12T17:15:58Z	505	1	frontier02989	2048
2026-07-12T17:15:58Z	509	5	frontier02989	2048
2026-07-12T17:15:58Z	1336	0	frontier06595	2048
2026-07-12T17:15:58Z	1339	3	frontier06595	2048
2026-07-12T17:15:58Z	150	6	frontier00646	2048
2026-07-12T17:15:58Z	510	6	frontier02989	2048
2026-07-12T17:15:58Z	1342	6	frontier06595	2048
2026-07-12T17:15:58Z	144	0	frontier00646	2048
2026-07-12T17:15:58Z	1325	5	frontier06536	2048
2026-07-12T17:15:58Z	1341	5	frontier06595	2048
2026-07-12T17:15:58Z	1224	0	frontier06032	2048
2026-07-12T17:15:58Z	1230	6	frontier06032	2048
2026-07-12T17:15:58Z	1338	2	frontier06595	2048
2026-07-12T17:15:58Z	1231	7	frontier06032	2048
2026-07-12T17:15:58Z	1337	1	frontier06595	2048
2026-07-12T17:15:58Z	1228	4	frontier06032	2048
2026-07-12T17:15:58Z	507	3	frontier02989	2048
2026-07-12T17:15:58Z	504	0	frontier02989	2048
2026-07-12T17:15:58Z	1343	7	frontier06595	2048
2026-07-12T17:15:58Z	1340	4	frontier06595	2048
2026-07-12T17:15:58Z	511	7	frontier02989	2048
2026-07-12T17:15:58Z	1227	3	frontier06032	2048
2026-07-12T17:15:58Z	1226	2	frontier06032	2048
2026-07-12T17:15:58Z	1229	5	frontier06032	2048
2026-07-12T17:15:58Z	1225	1	frontier06032	2048
2026-07-12T17:15:58Z	913	1	frontier04595	2048
2026-07-12T17:15:58Z	912	0	frontier04595	2048
2026-07-12T17:15:58Z	916	4	frontier04595	2048
2026-07-12T17:15:58Z	914	2	frontier04595	2048
2026-07-12T17:15:58Z	917	5	frontier04595	2048
2026-07-12T17:15:58Z	919	7	frontier04595	2048
2026-07-12T17:15:58Z	915	3	frontier04595	2048
2026-07-12T17:15:58Z	918	6	frontier04595	2048
2026-07-12T17:15:58Z	1324	4	frontier06536	2048
2026-07-12T17:15:58Z	1322	2	frontier06536	2048
2026-07-12T17:15:58Z	1326	6	frontier06536	2048
2026-07-12T17:15:58Z	1538	2	frontier07299	2048
2026-07-12T17:15:58Z	1542	6	frontier07299	2048
2026-07-12T17:15:58Z	1540	4	frontier07299	2048
2026-07-12T17:15:58Z	1537	1	frontier07299	2048
2026-07-12T17:15:58Z	1543	7	frontier07299	2048
2026-07-12T17:15:58Z	1536	0	frontier07299	2048
2026-07-12T17:15:58Z	1539	3	frontier07299	2048
2026-07-12T17:15:58Z	1541	5	frontier07299	2048
2026-07-12T17:15:59Z	1608	0	frontier07554	2048
2026-07-12T17:15:59Z	1609	1	frontier07554	2048
2026-07-12T17:15:59Z	1615	7	frontier07554	2048
2026-07-12T17:15:59Z	1613	5	frontier07554	2048
2026-07-12T17:15:59Z	1612	4	frontier07554	2048
2026-07-12T17:15:59Z	1614	6	frontier07554	2048
2026-07-12T17:15:59Z	1610	2	frontier07554	2048
2026-07-12T17:15:59Z	286	6	frontier01580	2048
2026-07-12T17:15:59Z	280	0	frontier01580	2048
2026-07-12T17:15:59Z	282	2	frontier01580	2048
2026-07-12T17:15:59Z	283	3	frontier01580	2048
2026-07-12T17:15:59Z	284	4	frontier01580	2048
2026-07-12T17:15:59Z	985	1	frontier04855	2048
2026-07-12T17:15:59Z	984	0	frontier04855	2048
2026-07-12T17:15:59Z	989	5	frontier04855	2048
2026-07-12T17:15:59Z	986	2	frontier04855	2048
2026-07-12T17:15:59Z	987	3	frontier04855	2048
2026-07-12T17:15:59Z	988	4	frontier04855	2048
2026-07-12T17:15:59Z	991	7	frontier04855	2048
2026-07-12T17:15:59Z	1611	3	frontier07554	2048
2026-07-12T17:15:59Z	287	7	frontier01580	2048
2026-07-12T17:15:59Z	285	5	frontier01580	2048
2026-07-12T17:15:59Z	990	6	frontier04855	2048
2026-07-12T17:15:59Z	281	1	frontier01580	2048
2026-07-12T17:15:59Z	1784	0	frontier08202	2048
2026-07-12T17:15:59Z	1787	3	frontier08202	2048
2026-07-12T17:15:59Z	1791	7	frontier08202	2048
2026-07-12T17:15:59Z	1789	5	frontier08202	2048
2026-07-12T17:15:59Z	1786	2	frontier08202	2048
2026-07-12T17:15:59Z	1785	1	frontier08202	2048
2026-07-12T17:15:59Z	1788	4	frontier08202	2048
2026-07-12T17:15:59Z	1790	6	frontier08202	2048
2026-07-12T17:15:59Z	1202	2	frontier05982	2048
2026-07-12T17:15:59Z	1203	3	frontier05982	2048
2026-07-12T17:15:59Z	1204	4	frontier05982	2048
2026-07-12T17:15:59Z	1200	0	frontier05982	2048
2026-07-12T17:15:59Z	1206	6	frontier05982	2048
2026-07-12T17:15:59Z	1207	7	frontier05982	2048
2026-07-12T17:15:59Z	1201	1	frontier05982	2048
2026-07-12T17:15:59Z	1205	5	frontier05982	2048
2026-07-12T17:15:59Z	1740	4	frontier07957	2048
2026-07-12T17:15:59Z	1742	6	frontier07957	2048
2026-07-12T17:15:59Z	1739	3	frontier07957	2048
2026-07-12T17:15:59Z	1741	5	frontier07957	2048
2026-07-12T17:15:59Z	1736	0	frontier07957	2048
2026-07-12T17:15:59Z	1738	2	frontier07957	2048
2026-07-12T17:15:59Z	1743	7	frontier07957	2048
2026-07-12T17:15:59Z	1737	1	frontier07957	2048
2026-07-12T17:15:59Z	409	1	frontier02432	2048
2026-07-12T17:15:59Z	410	2	frontier02432	2048
2026-07-12T17:15:59Z	413	5	frontier02432	2048
2026-07-12T17:15:59Z	414	6	frontier02432	2048
2026-07-12T17:15:59Z	411	3	frontier02432	2048
2026-07-12T17:15:59Z	408	0	frontier02432	2048
2026-07-12T17:15:59Z	415	7	frontier02432	2048
2026-07-12T17:15:59Z	412	4	frontier02432	2048
2026-07-12T17:16:00Z	741	5	frontier04011	2048
2026-07-12T17:16:00Z	739	3	frontier04011	2048
2026-07-12T17:16:00Z	740	4	frontier04011	2048
2026-07-12T17:16:00Z	742	6	frontier04011	2048
2026-07-12T17:16:00Z	1254	6	frontier06155	2048
2026-07-12T17:16:00Z	1250	2	frontier06155	2048
2026-07-12T17:16:00Z	1252	4	frontier06155	2048
2026-07-12T17:16:00Z	1248	0	frontier06155	2048
2026-07-12T17:16:00Z	1800	0	frontier08227	2048
2026-07-12T17:16:00Z	1807	7	frontier08227	2048
2026-07-12T17:16:00Z	1802	2	frontier08227	2048
2026-07-12T17:16:00Z	1805	5	frontier08227	2048
2026-07-12T17:16:00Z	1804	4	frontier08227	2048
2026-07-12T17:16:00Z	738	2	frontier04011	2048
2026-07-12T17:16:00Z	1803	3	frontier08227	2048
2026-07-12T17:16:00Z	1801	1	frontier08227	2048
2026-07-12T17:16:00Z	1806	6	frontier08227	2048
2026-07-12T17:16:00Z	737	1	frontier04011	2048
2026-07-12T17:16:00Z	1251	3	frontier06155	2048
2026-07-12T17:16:00Z	1255	7	frontier06155	2048
2026-07-12T17:16:00Z	736	0	frontier04011	2048
2026-07-12T17:16:00Z	1253	5	frontier06155	2048
2026-07-12T17:16:00Z	1249	1	frontier06155	2048
2026-07-12T17:16:00Z	743	7	frontier04011	2048
2026-07-12T17:16:00Z	1753	1	frontier08086	2048
2026-07-12T17:16:00Z	1759	7	frontier08086	2048
2026-07-12T17:16:00Z	1755	3	frontier08086	2048
2026-07-12T17:16:00Z	1756	4	frontier08086	2048
2026-07-12T17:16:00Z	1758	6	frontier08086	2048
2026-07-12T17:16:00Z	1757	5	frontier08086	2048
2026-07-12T17:16:00Z	1752	0	frontier08086	2048
2026-07-12T17:16:00Z	1754	2	frontier08086	2048
2026-07-12T17:16:00Z	445	5	frontier02604	2048
2026-07-12T17:16:00Z	443	3	frontier02604	2048
2026-07-12T17:16:00Z	440	0	frontier02604	2048
2026-07-12T17:16:00Z	447	7	frontier02604	2048
2026-07-12T17:16:00Z	446	6	frontier02604	2048
2026-07-12T17:16:00Z	444	4	frontier02604	2048
2026-07-12T17:16:00Z	442	2	frontier02604	2048
2026-07-12T17:16:00Z	441	1	frontier02604	2048
2026-07-12T17:16:00Z	1022	6	frontier04983	2048
2026-07-12T17:16:00Z	1020	4	frontier04983	2048
2026-07-12T17:16:00Z	1019	3	frontier04983	2048
2026-07-12T17:16:00Z	1016	0	frontier04983	2048
2026-07-12T17:16:00Z	1018	2	frontier04983	2048
2026-07-12T17:16:00Z	1021	5	frontier04983	2048
2026-07-12T17:16:00Z	1023	7	frontier04983	2048
2026-07-12T17:16:00Z	1017	1	frontier04983	2048
2026-07-12T17:16:00Z	622	6	frontier03612	2048
2026-07-12T17:16:00Z	620	4	frontier03612	2048
2026-07-12T17:16:00Z	623	7	frontier03612	2048
2026-07-12T17:16:00Z	616	0	frontier03612	2048
2026-07-12T17:16:00Z	393	1	frontier02333	2048
2026-07-12T17:16:00Z	392	0	frontier02333	2048
2026-07-12T17:16:00Z	395	3	frontier02333	2048
2026-07-12T17:16:00Z	396	4	frontier02333	2048
2026-07-12T17:16:00Z	399	7	frontier02333	2048
2026-07-12T17:16:00Z	397	5	frontier02333	2048
2026-07-12T17:16:00Z	346	2	frontier02011	2048
2026-07-12T17:16:00Z	350	6	frontier02011	2048
2026-07-12T17:16:00Z	344	0	frontier02011	2048
2026-07-12T17:16:00Z	349	5	frontier02011	2048
2026-07-12T17:16:00Z	347	3	frontier02011	2048
2026-07-12T17:16:00Z	345	1	frontier02011	2048
2026-07-12T17:16:00Z	398	6	frontier02333	2048
2026-07-12T17:16:00Z	618	2	frontier03612	2048
2026-07-12T17:16:00Z	351	7	frontier02011	2048
2026-07-12T17:16:00Z	348	4	frontier02011	2048
2026-07-12T17:16:00Z	394	2	frontier02333	2048
2026-07-12T17:16:00Z	619	3	frontier03612	2048
2026-07-12T17:16:00Z	617	1	frontier03612	2048
2026-07-12T17:16:00Z	621	5	frontier03612	2048
2026-07-12T17:16:01Z	1499	3	frontier07187	2048
2026-07-12T17:16:01Z	1502	6	frontier07187	2048
2026-07-12T17:16:01Z	1501	5	frontier07187	2048
2026-07-12T17:16:01Z	1503	7	frontier07187	2048
2026-07-12T17:16:01Z	1500	4	frontier07187	2048
2026-07-12T17:16:01Z	1498	2	frontier07187	2048
2026-07-12T17:16:01Z	2	2	frontier00006	2048
2026-07-12T17:16:01Z	1669	5	frontier07718	2048
2026-07-12T17:16:01Z	1668	4	frontier07718	2048
2026-07-12T17:16:01Z	1671	7	frontier07718	2048
2026-07-12T17:16:01Z	1665	1	frontier07718	2048
2026-07-12T17:16:01Z	1664	0	frontier07718	2048
2026-07-12T17:16:01Z	1666	2	frontier07718	2048
2026-07-12T17:16:01Z	1670	6	frontier07718	2048
2026-07-12T17:16:01Z	980	4	frontier04849	2048
2026-07-12T17:16:01Z	979	3	frontier04849	2048
2026-07-12T17:16:01Z	981	5	frontier04849	2048
2026-07-12T17:16:01Z	976	0	frontier04849	2048
2026-07-12T17:16:01Z	1496	0	frontier07187	2048
2026-07-12T17:16:01Z	1497	1	frontier07187	2048
2026-07-12T17:16:01Z	982	6	frontier04849	2048
2026-07-12T17:16:01Z	502	6	frontier02987	2048
2026-07-12T17:16:01Z	1667	3	frontier07718	2048
2026-07-12T17:16:01Z	496	0	frontier02987	2048
2026-07-12T17:16:01Z	498	2	frontier02987	2048
2026-07-12T17:16:01Z	501	5	frontier02987	2048
2026-07-12T17:16:01Z	497	1	frontier02987	2048
2026-07-12T17:16:01Z	978	2	frontier04849	2048
2026-07-12T17:16:01Z	977	1	frontier04849	2048
2026-07-12T17:16:01Z	983	7	frontier04849	2048
2026-07-12T17:16:01Z	500	4	frontier02987	2048
2026-07-12T17:16:01Z	1486	6	frontier07121	2048
2026-07-12T17:16:01Z	1484	4	frontier07121	2048
2026-07-12T17:16:01Z	1121	1	frontier05524	2048
2026-07-12T17:16:01Z	503	7	frontier02987	2048
2026-07-12T17:16:01Z	1485	5	frontier07121	2048
2026-07-12T17:16:01Z	1127	7	frontier05524	2048
2026-07-12T17:16:01Z	1126	6	frontier05524	2048
2026-07-12T17:16:01Z	1483	3	frontier07121	2048
2026-07-12T17:16:01Z	499	3	frontier02987	2048
2026-07-12T17:16:01Z	1481	1	frontier07121	2048
2026-07-12T17:16:01Z	1124	4	frontier05524	2048
2026-07-12T17:16:01Z	1487	7	frontier07121	2048
2026-07-12T17:16:01Z	1482	2	frontier07121	2048
2026-07-12T17:16:01Z	1480	0	frontier07121	2048
2026-07-12T17:16:01Z	1072	0	frontier05291	2048
2026-07-12T17:16:01Z	1078	6	frontier05291	2048
2026-07-12T17:16:01Z	1073	1	frontier05291	2048
2026-07-12T17:16:01Z	1075	3	frontier05291	2048
2026-07-12T17:16:01Z	1074	2	frontier05291	2048
2026-07-12T17:16:01Z	1077	5	frontier05291	2048
2026-07-12T17:16:01Z	1122	2	frontier05524	2048
2026-07-12T17:16:01Z	1079	7	frontier05291	2048
2026-07-12T17:16:01Z	1076	4	frontier05291	2048
2026-07-12T17:16:01Z	1123	3	frontier05524	2048
2026-07-12T17:16:01Z	890	2	frontier04535	2048
2026-07-12T17:16:01Z	892	4	frontier04535	2048
2026-07-12T17:16:01Z	889	1	frontier04535	2048
2026-07-12T17:16:01Z	893	5	frontier04535	2048
2026-07-12T17:16:01Z	888	0	frontier04535	2048
2026-07-12T17:16:01Z	891	3	frontier04535	2048
2026-07-12T17:16:01Z	895	7	frontier04535	2048
2026-07-12T17:16:01Z	894	6	frontier04535	2048
2026-07-12T17:16:01Z	1900	4	frontier08731	2048
2026-07-12T17:16:01Z	1903	7	frontier08731	2048
2026-07-12T17:16:01Z	1898	2	frontier08731	2048
2026-07-12T17:16:01Z	1	1	frontier00006	2048
2026-07-12T17:16:01Z	768	0	frontier04097	2048
2026-07-12T17:16:01Z	772	4	frontier04097	2048
2026-07-12T17:16:01Z	1148	4	frontier05670	2048
2026-07-12T17:16:01Z	1147	3	frontier05670	2048
2026-07-12T17:16:01Z	1149	5	frontier05670	2048
2026-07-12T17:16:01Z	1899	3	frontier08731	2048
2026-07-12T17:16:01Z	1902	6	frontier08731	2048
2026-07-12T17:16:01Z	1102	6	frontier05409	2048
2026-07-12T17:16:01Z	1100	4	frontier05409	2048
2026-07-12T17:16:01Z	1099	3	frontier05409	2048
2026-07-12T17:16:01Z	1098	2	frontier05409	2048
2026-07-12T17:16:01Z	1097	1	frontier05409	2048
2026-07-12T17:16:01Z	1103	7	frontier05409	2048
2026-07-12T17:16:01Z	1896	0	frontier08731	2048
2026-07-12T17:16:01Z	1897	1	frontier08731	2048
2026-07-12T17:16:01Z	1101	5	frontier05409	2048
2026-07-12T17:16:01Z	1150	6	frontier05670	2048
2026-07-12T17:16:01Z	1145	1	frontier05670	2048
2026-07-12T17:16:01Z	1096	0	frontier05409	2048
2026-07-12T17:16:01Z	1901	5	frontier08731	2048
2026-07-12T17:16:01Z	1146	2	frontier05670	2048
2026-07-12T17:16:01Z	1151	7	frontier05670	2048
2026-07-12T17:16:01Z	5	5	frontier00006	2048
2026-07-12T17:16:01Z	1144	0	frontier05670	2048
2026-07-12T17:16:01Z	1125	5	frontier05524	2048
2026-07-12T17:16:01Z	769	1	frontier04097	2048
2026-07-12T17:16:01Z	774	6	frontier04097	2048
2026-07-12T17:16:01Z	1120	0	frontier05524	2048
2026-07-12T17:16:01Z	773	5	frontier04097	2048
2026-07-12T17:16:01Z	1547	3	frontier07305	2048
2026-07-12T17:16:01Z	1548	4	frontier07305	2048
2026-07-12T17:16:01Z	13	5	frontier00010	2048
2026-07-12T17:16:01Z	10	2	frontier00010	2048
2026-07-12T17:16:01Z	9	1	frontier00010	2048
2026-07-12T17:16:01Z	196	4	frontier00898	2048
2026-07-12T17:16:01Z	192	0	frontier00898	2048
2026-07-12T17:16:01Z	770	2	frontier04097	2048
2026-07-12T17:16:01Z	771	3	frontier04097	2048
2026-07-12T17:16:01Z	14	6	frontier00010	2048
2026-07-12T17:16:01Z	1545	1	frontier07305	2048
2026-07-12T17:16:01Z	199	7	frontier00898	2048
2026-07-12T17:16:01Z	775	7	frontier04097	2048
2026-07-12T17:16:01Z	1852	4	frontier08492	2048
2026-07-12T17:16:01Z	1853	5	frontier08492	2048
2026-07-12T17:16:01Z	7	7	frontier00006	2048
2026-07-12T17:16:01Z	12	4	frontier00010	2048
2026-07-12T17:16:01Z	6	6	frontier00006	2048
2026-07-12T17:16:01Z	1848	0	frontier08492	2048
2026-07-12T17:16:01Z	195	3	frontier00898	2048
2026-07-12T17:16:01Z	920	0	frontier04622	2048
2026-07-12T17:16:01Z	927	7	frontier04622	2048
2026-07-12T17:16:01Z	198	6	frontier00898	2048
2026-07-12T17:16:01Z	193	1	frontier00898	2048
2026-07-12T17:16:01Z	8	0	frontier00010	2048
2026-07-12T17:16:01Z	3	3	frontier00006	2048
2026-07-12T17:16:01Z	1549	5	frontier07305	2048
2026-07-12T17:16:01Z	1544	0	frontier07305	2048
2026-07-12T17:16:01Z	690	2	frontier03864	2048
2026-07-12T17:16:01Z	691	3	frontier03864	2048
2026-07-12T17:16:01Z	694	6	frontier03864	2048
2026-07-12T17:16:01Z	1854	6	frontier08492	2048
2026-07-12T17:16:01Z	1550	6	frontier07305	2048
2026-07-12T17:16:01Z	197	5	frontier00898	2048
2026-07-12T17:16:01Z	688	0	frontier03864	2048
2026-07-12T17:16:01Z	194	2	frontier00898	2048
2026-07-12T17:16:01Z	695	7	frontier03864	2048
2026-07-12T17:16:01Z	15	7	frontier00010	2048
2026-07-12T17:16:01Z	922	2	frontier04622	2048
2026-07-12T17:16:01Z	926	6	frontier04622	2048
2026-07-12T17:16:01Z	11	3	frontier00010	2048
2026-07-12T17:16:01Z	925	5	frontier04622	2048
2026-07-12T17:16:01Z	1855	7	frontier08492	2048
2026-07-12T17:16:01Z	815	7	frontier04233	2048
2026-07-12T17:16:01Z	812	4	frontier04233	2048
2026-07-12T17:16:01Z	689	1	frontier03864	2048
2026-07-12T17:16:01Z	811	3	frontier04233	2048
2026-07-12T17:16:01Z	814	6	frontier04233	2048
2026-07-12T17:16:01Z	813	5	frontier04233	2048
2026-07-12T17:16:01Z	810	2	frontier04233	2048
2026-07-12T17:16:01Z	808	0	frontier04233	2048
2026-07-12T17:16:01Z	1849	1	frontier08492	2048
2026-07-12T17:16:01Z	1546	2	frontier07305	2048
2026-07-12T17:16:01Z	809	1	frontier04233	2048
2026-07-12T17:16:01Z	924	4	frontier04622	2048
2026-07-12T17:16:01Z	1551	7	frontier07305	2048
2026-07-12T17:16:01Z	880	0	frontier04515	2048
2026-07-12T17:16:01Z	1851	3	frontier08492	2048
2026-07-12T17:16:01Z	884	4	frontier04515	2048
2026-07-12T17:16:01Z	693	5	frontier03864	2048
2026-07-12T17:16:01Z	882	2	frontier04515	2048
2026-07-12T17:16:01Z	886	6	frontier04515	2048
2026-07-12T17:16:01Z	1850	2	frontier08492	2048
2026-07-12T17:16:01Z	885	5	frontier04515	2048
2026-07-12T17:16:01Z	1044	4	frontier05101	2048
2026-07-12T17:16:01Z	1046	6	frontier05101	2048
2026-07-12T17:16:01Z	1045	5	frontier05101	2048
2026-07-12T17:16:01Z	881	1	frontier04515	2048
2026-07-12T17:16:01Z	1042	2	frontier05101	2048
2026-07-12T17:16:01Z	887	7	frontier04515	2048
2026-07-12T17:16:01Z	883	3	frontier04515	2048
2026-07-12T17:16:01Z	923	3	frontier04622	2048
2026-07-12T17:16:01Z	921	1	frontier04622	2048
2026-07-12T17:16:01Z	692	4	frontier03864	2048
2026-07-12T17:16:01Z	1047	7	frontier05101	2048
2026-07-12T17:16:01Z	642	2	frontier03704	2048
2026-07-12T17:16:01Z	640	0	frontier03704	2048
2026-07-12T17:16:01Z	641	1	frontier03704	2048
2026-07-12T17:16:01Z	644	4	frontier03704	2048
2026-07-12T17:16:01Z	645	5	frontier03704	2048
2026-07-12T17:16:01Z	1041	1	frontier05101	2048
2026-07-12T17:16:01Z	1270	6	frontier06242	2048
2026-07-12T17:16:01Z	1264	0	frontier06242	2048
2026-07-12T17:16:01Z	1266	2	frontier06242	2048
2026-07-12T17:16:01Z	1040	0	frontier05101	2048
2026-07-12T17:16:01Z	1043	3	frontier05101	2048
2026-07-12T17:16:01Z	643	3	frontier03704	2048
2026-07-12T17:16:01Z	646	6	frontier03704	2048
2026-07-12T17:16:01Z	647	7	frontier03704	2048
2026-07-12T17:16:01Z	1265	1	frontier06242	2048
2026-07-12T17:16:01Z	1269	5	frontier06242	2048
2026-07-12T17:16:01Z	1271	7	frontier06242	2048
2026-07-12T17:16:01Z	1268	4	frontier06242	2048
2026-07-12T17:16:01Z	4	4	frontier00006	2048
2026-07-12T17:16:01Z	1267	3	frontier06242	2048
2026-07-12T17:16:01Z	787	3	frontier04208	2048
2026-07-12T17:16:01Z	786	2	frontier04208	2048
2026-07-12T17:16:01Z	785	1	frontier04208	2048
2026-07-12T17:16:01Z	784	0	frontier04208	2048
2026-07-12T17:16:01Z	788	4	frontier04208	2048
2026-07-12T17:16:01Z	789	5	frontier04208	2048
2026-07-12T17:16:01Z	791	7	frontier04208	2048
2026-07-12T17:16:01Z	790	6	frontier04208	2048
2026-07-12T17:16:01Z	707	3	frontier03951	2048
2026-07-12T17:16:01Z	516	4	frontier03108	2048
2026-07-12T17:16:01Z	512	0	frontier03108	2048
2026-07-12T17:16:01Z	708	4	frontier03951	2048
2026-07-12T17:16:01Z	706	2	frontier03951	2048
2026-07-12T17:16:01Z	517	5	frontier03108	2048
2026-07-12T17:16:01Z	711	7	frontier03951	2048
2026-07-12T17:16:01Z	513	1	frontier03108	2048
2026-07-12T17:16:01Z	515	3	frontier03108	2048
2026-07-12T17:16:01Z	518	6	frontier03108	2048
2026-07-12T17:16:01Z	458	2	frontier02708	2048
2026-07-12T17:16:01Z	514	2	frontier03108	2048
2026-07-12T17:16:01Z	461	5	frontier02708	2048
2026-07-12T17:16:01Z	519	7	frontier03108	2048
2026-07-12T17:16:01Z	459	3	frontier02708	2048
2026-07-12T17:16:01Z	456	0	frontier02708	2048
2026-07-12T17:16:01Z	460	4	frontier02708	2048
2026-07-12T17:16:01Z	463	7	frontier02708	2048
2026-07-12T17:16:01Z	457	1	frontier02708	2048
2026-07-12T17:16:01Z	462	6	frontier02708	2048
2026-07-12T17:16:01Z	710	6	frontier03951	2048
2026-07-12T17:16:01Z	705	1	frontier03951	2048
2026-07-12T17:16:02Z	704	0	frontier03951	2048
2026-07-12T17:16:02Z	709	5	frontier03951	2048
2026-07-12T17:16:02Z	1685	5	frontier07815	2048
2026-07-12T17:16:02Z	1681	1	frontier07815	2048
2026-07-12T17:16:02Z	961	1	frontier04767	2048
2026-07-12T17:16:02Z	962	2	frontier04767	2048
2026-07-12T17:16:02Z	967	7	frontier04767	2048
2026-07-12T17:16:02Z	524	4	frontier03109	2048
2026-07-12T17:16:02Z	522	2	frontier03109	2048
2026-07-12T17:16:02Z	520	0	frontier03109	2048
2026-07-12T17:16:02Z	526	6	frontier03109	2048
2026-07-12T17:16:02Z	521	1	frontier03109	2048
2026-07-12T17:16:02Z	527	7	frontier03109	2048
2026-07-12T17:16:02Z	1687	7	frontier07815	2048
2026-07-12T17:16:02Z	1397	5	frontier06831	2048
2026-07-12T17:16:02Z	1682	2	frontier07815	2048
2026-07-12T17:16:02Z	1684	4	frontier07815	2048
2026-07-12T17:16:02Z	1680	0	frontier07815	2048
2026-07-12T17:16:02Z	1686	6	frontier07815	2048
2026-07-12T17:16:02Z	523	3	frontier03109	2048
2026-07-12T17:16:02Z	966	6	frontier04767	2048
2026-07-12T17:16:02Z	1683	3	frontier07815	2048
2026-07-12T17:16:02Z	963	3	frontier04767	2048
2026-07-12T17:16:02Z	1393	1	frontier06831	2048
2026-07-12T17:16:02Z	964	4	frontier04767	2048
2026-07-12T17:16:02Z	965	5	frontier04767	2048
2026-07-12T17:16:02Z	1395	3	frontier06831	2048
2026-07-12T17:16:02Z	61	5	frontier00131	2048
2026-07-12T17:16:02Z	0	0	frontier00006	2048
2026-07-12T17:16:02Z	62	6	frontier00131	2048
2026-07-12T17:16:02Z	58	2	frontier00131	2048
2026-07-12T17:16:02Z	60	4	frontier00131	2048
2026-07-12T17:16:02Z	59	3	frontier00131	2048
2026-07-12T17:16:02Z	56	0	frontier00131	2048
2026-07-12T17:16:02Z	63	7	frontier00131	2048
2026-07-12T17:16:02Z	57	1	frontier00131	2048
2026-07-12T17:16:02Z	525	5	frontier03109	2048
2026-07-12T17:16:02Z	960	0	frontier04767	2048
2026-07-12T17:16:02Z	930	2	frontier04641	2048
2026-07-12T17:16:02Z	294	6	frontier01706	2048
2026-07-12T17:16:02Z	292	4	frontier01706	2048
2026-07-12T17:16:02Z	1396	4	frontier06831	2048
2026-07-12T17:16:02Z	288	0	frontier01706	2048
2026-07-12T17:16:02Z	934	6	frontier04641	2048
2026-07-12T17:16:02Z	932	4	frontier04641	2048
2026-07-12T17:16:02Z	928	0	frontier04641	2048
2026-07-12T17:16:02Z	931	3	frontier04641	2048
2026-07-12T17:16:02Z	929	1	frontier04641	2048
2026-07-12T17:16:02Z	935	7	frontier04641	2048
2026-07-12T17:16:02Z	933	5	frontier04641	2048
2026-07-12T17:16:02Z	1399	7	frontier06831	2048
2026-07-12T17:16:02Z	264	0	frontier01444	2048
2026-07-12T17:16:02Z	1398	6	frontier06831	2048
2026-07-12T17:16:02Z	265	1	frontier01444	2048
2026-07-12T17:16:02Z	266	2	frontier01444	2048
2026-07-12T17:16:02Z	269	5	frontier01444	2048
2026-07-12T17:16:02Z	268	4	frontier01444	2048
2026-07-12T17:16:02Z	267	3	frontier01444	2048
2026-07-12T17:16:02Z	271	7	frontier01444	2048
2026-07-12T17:16:02Z	1392	0	frontier06831	2048
2026-07-12T17:16:02Z	270	6	frontier01444	2048
2026-07-12T17:16:02Z	868	4	frontier04469	2048
2026-07-12T17:16:02Z	864	0	frontier04469	2048
2026-07-12T17:16:02Z	556	4	frontier03317	2048
2026-07-12T17:16:02Z	870	6	frontier04469	2048
2026-07-12T17:16:02Z	871	7	frontier04469	2048
2026-07-12T17:16:02Z	553	1	frontier03317	2048
2026-07-12T17:16:02Z	555	3	frontier03317	2048
2026-07-12T17:16:02Z	865	1	frontier04469	2048
2026-07-12T17:16:02Z	866	2	frontier04469	2048
2026-07-12T17:16:02Z	869	5	frontier04469	2048
2026-07-12T17:16:02Z	867	3	frontier04469	2048
2026-07-12T17:16:02Z	1394	2	frontier06831	2048
2026-07-12T17:16:02Z	559	7	frontier03317	2048
2026-07-12T17:16:02Z	554	2	frontier03317	2048
2026-07-12T17:16:02Z	557	5	frontier03317	2048
2026-07-12T17:16:02Z	552	0	frontier03317	2048
2026-07-12T17:16:02Z	558	6	frontier03317	2048
2026-07-12T17:16:02Z	290	2	frontier01706	2048
2026-07-12T17:16:02Z	756	4	frontier04085	2048
2026-07-12T17:16:02Z	754	2	frontier04085	2048
2026-07-12T17:16:02Z	752	0	frontier04085	2048
2026-07-12T17:16:02Z	757	5	frontier04085	2048
2026-07-12T17:16:02Z	759	7	frontier04085	2048
2026-07-12T17:16:02Z	753	1	frontier04085	2048
2026-07-12T17:16:02Z	755	3	frontier04085	2048
2026-07-12T17:16:02Z	758	6	frontier04085	2048
2026-07-12T17:16:02Z	420	4	frontier02457	2048
2026-07-12T17:16:02Z	417	1	frontier02457	2048
2026-07-12T17:16:02Z	416	0	frontier02457	2048
2026-07-12T17:16:02Z	423	7	frontier02457	2048
2026-07-12T17:16:02Z	419	3	frontier02457	2048
2026-07-12T17:16:02Z	421	5	frontier02457	2048
2026-07-12T17:16:02Z	2021	5	frontier10120	2048
2026-07-12T17:16:02Z	2022	6	frontier10120	2048
2026-07-12T17:16:02Z	422	6	frontier02457	2048
2026-07-12T17:16:02Z	289	1	frontier01706	2048
2026-07-12T17:16:02Z	291	3	frontier01706	2048
2026-07-12T17:16:02Z	418	2	frontier02457	2048
2026-07-12T17:16:02Z	2023	7	frontier10120	2048
2026-07-12T17:16:02Z	2016	0	frontier10120	2048
2026-07-12T17:16:02Z	2020	4	frontier10120	2048
2026-07-12T17:16:02Z	2017	1	frontier10120	2048
2026-07-12T17:16:02Z	2019	3	frontier10120	2048
2026-07-12T17:16:02Z	2018	2	frontier10120	2048
2026-07-12T17:16:02Z	293	5	frontier01706	2048
2026-07-12T17:16:02Z	295	7	frontier01706	2048
2026-07-12T17:16:02Z	27	3	frontier00047	2048
2026-07-12T17:16:02Z	26	2	frontier00047	2048
2026-07-12T17:16:02Z	24	0	frontier00047	2048
2026-07-12T17:16:02Z	31	7	frontier00047	2048
2026-07-12T17:16:02Z	1432	0	frontier06915	2048
2026-07-12T17:16:02Z	29	5	frontier00047	2048
2026-07-12T17:16:02Z	30	6	frontier00047	2048
2026-07-12T17:16:02Z	25	1	frontier00047	2048
2026-07-12T17:16:02Z	28	4	frontier00047	2048
2026-07-12T17:16:02Z	1433	1	frontier06915	2048
2026-07-12T17:16:02Z	1650	2	frontier07683	2048
2026-07-12T17:16:02Z	1651	3	frontier07683	2048
2026-07-12T17:16:02Z	1438	6	frontier06915	2048
2026-07-12T17:16:02Z	111	7	frontier00420	2048
2026-07-12T17:16:02Z	1026	2	frontier04988	2048
2026-07-12T17:16:02Z	317	5	frontier01827	2048
2026-07-12T17:16:02Z	312	0	frontier01827	2048
2026-07-12T17:16:02Z	1025	1	frontier04988	2048
2026-07-12T17:16:02Z	314	2	frontier01827	2048
2026-07-12T17:16:02Z	318	6	frontier01827	2048
2026-07-12T17:16:02Z	1027	3	frontier04988	2048
2026-07-12T17:16:02Z	1028	4	frontier04988	2048
2026-07-12T17:16:02Z	1031	7	frontier04988	2048
2026-07-12T17:16:02Z	316	4	frontier01827	2048
2026-07-12T17:16:02Z	315	3	frontier01827	2048
2026-07-12T17:16:02Z	1029	5	frontier04988	2048
2026-07-12T17:16:02Z	1030	6	frontier04988	2048
2026-07-12T17:16:02Z	108	4	frontier00420	2048
2026-07-12T17:16:02Z	1436	4	frontier06915	2048
2026-07-12T17:16:02Z	1648	0	frontier07683	2048
2026-07-12T17:16:02Z	313	1	frontier01827	2048
2026-07-12T17:16:02Z	106	2	frontier00420	2048
2026-07-12T17:16:02Z	319	7	frontier01827	2048
2026-07-12T17:16:02Z	467	3	frontier02729	2048
2026-07-12T17:16:02Z	1652	4	frontier07683	2048
2026-07-12T17:16:02Z	1024	0	frontier04988	2048
2026-07-12T17:16:02Z	471	7	frontier02729	2048
2026-07-12T17:16:02Z	469	5	frontier02729	2048
2026-07-12T17:16:02Z	468	4	frontier02729	2048
2026-07-12T17:16:02Z	104	0	frontier00420	2048
2026-07-12T17:16:02Z	1655	7	frontier07683	2048
2026-07-12T17:16:02Z	110	6	frontier00420	2048
2026-07-12T17:16:02Z	1439	7	frontier06915	2048
2026-07-12T17:16:02Z	105	1	frontier00420	2048
2026-07-12T17:16:02Z	107	3	frontier00420	2048
2026-07-12T17:16:02Z	562	2	frontier03360	2048
2026-07-12T17:16:02Z	848	0	frontier04367	2048
2026-07-12T17:16:02Z	854	6	frontier04367	2048
2026-07-12T17:16:02Z	851	3	frontier04367	2048
2026-07-12T17:16:02Z	1434	2	frontier06915	2048
2026-07-12T17:16:02Z	1653	5	frontier07683	2048
2026-07-12T17:16:02Z	109	5	frontier00420	2048
2026-07-12T17:16:02Z	1435	3	frontier06915	2048
2026-07-12T17:16:02Z	561	1	frontier03360	2048
2026-07-12T17:16:02Z	853	5	frontier04367	2048
2026-07-12T17:16:02Z	565	5	frontier03360	2048
2026-07-12T17:16:02Z	852	4	frontier04367	2048
2026-07-12T17:16:02Z	849	1	frontier04367	2048
2026-07-12T17:16:02Z	466	2	frontier02729	2048
2026-07-12T17:16:02Z	465	1	frontier02729	2048
2026-07-12T17:16:02Z	464	0	frontier02729	2048
2026-07-12T17:16:02Z	564	4	frontier03360	2048
2026-07-12T17:16:02Z	560	0	frontier03360	2048
2026-07-12T17:16:02Z	855	7	frontier04367	2048
2026-07-12T17:16:02Z	563	3	frontier03360	2048
2026-07-12T17:16:02Z	850	2	frontier04367	2048
2026-07-12T17:16:02Z	1437	5	frontier06915	2048
2026-07-12T17:16:02Z	470	6	frontier02729	2048
2026-07-12T17:16:02Z	566	6	frontier03360	2048
2026-07-12T17:16:02Z	567	7	frontier03360	2048
2026-07-12T17:16:02Z	1979	3	frontier09241	2048
2026-07-12T17:16:02Z	1977	1	frontier09241	2048
2026-07-12T17:16:02Z	1982	6	frontier09241	2048
2026-07-12T17:16:02Z	1981	5	frontier09241	2048
2026-07-12T17:16:02Z	1980	4	frontier09241	2048
2026-07-12T17:16:02Z	1976	0	frontier09241	2048
2026-07-12T17:16:02Z	1654	6	frontier07683	2048
2026-07-12T17:16:02Z	1978	2	frontier09241	2048
2026-07-12T17:16:02Z	1983	7	frontier09241	2048
2026-07-12T17:16:02Z	1649	1	frontier07683	2048
2026-07-12T17:16:02Z	1451	3	frontier06936	2048
2026-07-12T17:16:02Z	1454	6	frontier06936	2048
2026-07-12T17:16:02Z	1449	1	frontier06936	2048
2026-07-12T17:16:02Z	1453	5	frontier06936	2048
2026-07-12T17:16:02Z	1450	2	frontier06936	2048
2026-07-12T17:16:02Z	305	1	frontier01822	2048
2026-07-12T17:16:02Z	1455	7	frontier06936	2048
2026-07-12T17:16:02Z	1448	0	frontier06936	2048
2026-07-12T17:16:02Z	306	2	frontier01822	2048
2026-07-12T17:16:02Z	1452	4	frontier06936	2048
2026-07-12T17:16:02Z	304	0	frontier01822	2048
2026-07-12T17:16:02Z	308	4	frontier01822	2048
2026-07-12T17:16:02Z	310	6	frontier01822	2048
2026-07-12T17:16:02Z	311	7	frontier01822	2048
2026-07-12T17:16:02Z	309	5	frontier01822	2048
2026-07-12T17:16:02Z	307	3	frontier01822	2048
2026-07-12T17:16:03Z	482	2	frontier02871	2048
2026-07-12T17:16:03Z	483	3	frontier02871	2048
2026-07-12T17:16:03Z	484	4	frontier02871	2048
2026-07-12T17:16:03Z	486	6	frontier02871	2048
2026-07-12T17:16:03Z	481	1	frontier02871	2048
2026-07-12T17:16:03Z	485	5	frontier02871	2048
2026-07-12T17:16:03Z	480	0	frontier02871	2048
2026-07-12T17:16:03Z	487	7	frontier02871	2048
2026-07-12T17:16:03Z	339	3	frontier01977	2048
2026-07-12T17:16:03Z	338	2	frontier01977	2048
2026-07-12T17:16:03Z	343	7	frontier01977	2048
2026-07-12T17:16:03Z	342	6	frontier01977	2048
2026-07-12T17:16:03Z	340	4	frontier01977	2048
2026-07-12T17:16:03Z	337	1	frontier01977	2048
2026-07-12T17:16:03Z	341	5	frontier01977	2048
2026-07-12T17:16:03Z	336	0	frontier01977	2048
2026-07-12T17:16:03Z	1883	3	frontier08689	2048
2026-07-12T17:16:03Z	1882	2	frontier08689	2048
2026-07-12T17:16:03Z	1880	0	frontier08689	2048
2026-07-12T17:16:03Z	1885	5	frontier08689	2048
2026-07-12T17:16:03Z	1884	4	frontier08689	2048
2026-07-12T17:16:03Z	1887	7	frontier08689	2048
2026-07-12T17:16:03Z	1881	1	frontier08689	2048
2026-07-12T17:16:03Z	1886	6	frontier08689	2048
2026-07-12T17:16:03Z	1890	2	frontier08710	2048
2026-07-12T17:16:03Z	1895	7	frontier08710	2048
2026-07-12T17:16:03Z	1888	0	frontier08710	2048
2026-07-12T17:16:03Z	1891	3	frontier08710	2048
2026-07-12T17:16:03Z	1889	1	frontier08710	2048
2026-07-12T17:16:03Z	1893	5	frontier08710	2048
2026-07-12T17:16:03Z	173	5	frontier00772	2048
2026-07-12T17:16:03Z	168	0	frontier00772	2048
2026-07-12T17:16:03Z	172	4	frontier00772	2048
2026-07-12T17:16:03Z	170	2	frontier00772	2048
2026-07-12T17:16:03Z	169	1	frontier00772	2048
2026-07-12T17:16:03Z	171	3	frontier00772	2048
2026-07-12T17:16:03Z	174	6	frontier00772	2048
2026-07-12T17:16:03Z	175	7	frontier00772	2048
2026-07-12T17:16:03Z	1892	4	frontier08710	2048
2026-07-12T17:16:03Z	1894	6	frontier08710	2048
2026-07-12T17:16:03Z	433	1	frontier02584	2048
2026-07-12T17:16:03Z	434	2	frontier02584	2048
2026-07-12T17:16:03Z	162	2	frontier00714	2048
2026-07-12T17:16:03Z	164	4	frontier00714	2048
2026-07-12T17:16:03Z	436	4	frontier02584	2048
2026-07-12T17:16:03Z	438	6	frontier02584	2048
2026-07-12T17:16:03Z	1420	4	frontier06913	2048
2026-07-12T17:16:03Z	1417	1	frontier06913	2048
2026-07-12T17:16:03Z	1418	2	frontier06913	2048
2026-07-12T17:16:03Z	432	0	frontier02584	2048
2026-07-12T17:16:03Z	1421	5	frontier06913	2048
2026-07-12T17:16:03Z	1419	3	frontier06913	2048
2026-07-12T17:16:03Z	161	1	frontier00714	2048
2026-07-12T17:16:03Z	1422	6	frontier06913	2048
2026-07-12T17:16:03Z	257	1	frontier01423	2048
2026-07-12T17:16:03Z	256	0	frontier01423	2048
2026-07-12T17:16:03Z	437	5	frontier02584	2048
2026-07-12T17:16:03Z	262	6	frontier01423	2048
2026-07-12T17:16:03Z	1092	4	frontier05369	2048
2026-07-12T17:16:03Z	1091	3	frontier05369	2048
2026-07-12T17:16:03Z	1095	7	frontier05369	2048
2026-07-12T17:16:04Z	435	3	frontier02584	2048
2026-07-12T17:16:04Z	259	3	frontier01423	2048
2026-07-12T17:16:04Z	260	4	frontier01423	2048
2026-07-12T17:16:04Z	1093	5	frontier05369	2048
2026-07-12T17:16:04Z	1094	6	frontier05369	2048
2026-07-12T17:16:04Z	166	6	frontier00714	2048
2026-07-12T17:16:04Z	439	7	frontier02584	2048
2026-07-12T17:16:04Z	258	2	frontier01423	2048
2026-07-12T17:16:04Z	1090	2	frontier05369	2048
2026-07-12T17:16:04Z	1088	0	frontier05369	2048
2026-07-12T17:16:04Z	1089	1	frontier05369	2048
2026-07-12T17:16:04Z	167	7	frontier00714	2048
2026-07-12T17:16:04Z	1429	5	frontier06914	2048
2026-07-12T17:16:04Z	1427	3	frontier06914	2048
2026-07-12T17:16:04Z	1430	6	frontier06914	2048
2026-07-12T17:16:04Z	261	5	frontier01423	2048
2026-07-12T17:16:04Z	263	7	frontier01423	2048
2026-07-12T17:16:04Z	1424	0	frontier06914	2048
2026-07-12T17:16:04Z	1423	7	frontier06913	2048
2026-07-12T17:16:04Z	1062	6	frontier05129	2048
2026-07-12T17:16:04Z	1057	1	frontier05129	2048
2026-07-12T17:16:04Z	1060	4	frontier05129	2048
2026-07-12T17:16:04Z	1056	0	frontier05129	2048
2026-07-12T17:16:04Z	1431	7	frontier06914	2048
2026-07-12T17:16:04Z	1425	1	frontier06914	2048
2026-07-12T17:16:04Z	165	5	frontier00714	2048
2026-07-12T17:16:04Z	1416	0	frontier06913	2048
2026-07-12T17:16:04Z	1063	7	frontier05129	2048
2026-07-12T17:16:04Z	1059	3	frontier05129	2048
2026-07-12T17:16:04Z	1058	2	frontier05129	2048
2026-07-12T17:16:04Z	1061	5	frontier05129	2048
2026-07-12T17:16:04Z	1426	2	frontier06914	2048
2026-07-12T17:16:04Z	1428	4	frontier06914	2048
2026-07-12T17:16:04Z	1316	4	frontier06470	2048
2026-07-12T17:16:04Z	1315	3	frontier06470	2048
2026-07-12T17:16:04Z	163	3	frontier00714	2048
2026-07-12T17:16:04Z	160	0	frontier00714	2048
2026-07-12T17:16:04Z	1314	2	frontier06470	2048
2026-07-12T17:16:04Z	1312	0	frontier06470	2048
2026-07-12T17:16:04Z	1317	5	frontier06470	2048
2026-07-12T17:16:04Z	1318	6	frontier06470	2048
2026-07-12T17:16:04Z	1319	7	frontier06470	2048
2026-07-12T17:16:04Z	1313	1	frontier06470	2048
2026-07-12T17:16:04Z	88	0	frontier00263	2048
2026-07-12T17:16:04Z	89	1	frontier00263	2048
2026-07-12T17:16:04Z	95	7	frontier00263	2048
2026-07-12T17:16:04Z	93	5	frontier00263	2048
2026-07-12T17:16:04Z	92	4	frontier00263	2048
2026-07-12T17:16:04Z	90	2	frontier00263	2048
2026-07-12T17:16:04Z	94	6	frontier00263	2048
2026-07-12T17:16:04Z	91	3	frontier00263	2048
2026-07-12T17:16:04Z	1182	6	frontier05866	2048
2026-07-12T17:16:04Z	1180	4	frontier05866	2048
2026-07-12T17:16:04Z	1178	2	frontier05866	2048
2026-07-12T17:16:04Z	1179	3	frontier05866	2048
2026-07-12T17:16:04Z	1177	1	frontier05866	2048
2026-07-12T17:16:04Z	1181	5	frontier05866	2048
2026-07-12T17:16:04Z	1176	0	frontier05866	2048
2026-07-12T17:16:04Z	1183	7	frontier05866	2048
2026-07-12T17:16:04Z	112	0	frontier00440	2048
2026-07-12T17:16:04Z	113	1	frontier00440	2048
2026-07-12T17:16:04Z	119	7	frontier00440	2048
2026-07-12T17:16:04Z	114	2	frontier00440	2048
2026-07-12T17:16:04Z	117	5	frontier00440	2048
2026-07-12T17:16:04Z	116	4	frontier00440	2048
2026-07-12T17:16:04Z	115	3	frontier00440	2048
2026-07-12T17:16:04Z	118	6	frontier00440	2048
2026-07-12T17:16:04Z	2041	1	frontier10159	2048
2026-07-12T17:16:04Z	2046	6	frontier10159	2048
2026-07-12T17:16:04Z	2040	0	frontier10159	2048
2026-07-12T17:16:04Z	2047	7	frontier10159	2048
2026-07-12T17:16:04Z	2042	2	frontier10159	2048
2026-07-12T17:16:04Z	2043	3	frontier10159	2048
2026-07-12T17:16:04Z	2045	5	frontier10159	2048
2026-07-12T17:16:04Z	2044	4	frontier10159	2048
2026-07-12T17:16:04Z	1328	0	frontier06552	2048
2026-07-12T17:16:04Z	1333	5	frontier06552	2048
2026-07-12T17:16:04Z	1331	3	frontier06552	2048
2026-07-12T17:16:04Z	1330	2	frontier06552	2048
2026-07-12T17:16:04Z	1334	6	frontier06552	2048
2026-07-12T17:16:04Z	1717	5	frontier07940	2048
2026-07-12T17:16:04Z	1719	7	frontier07940	2048
2026-07-12T17:16:04Z	1715	3	frontier07940	2048
2026-07-12T17:16:04Z	1712	0	frontier07940	2048
2026-07-12T17:16:04Z	1335	7	frontier06552	2048
2026-07-12T17:16:04Z	1714	2	frontier07940	2048
2026-07-12T17:16:04Z	1329	1	frontier06552	2048
2026-07-12T17:16:04Z	1716	4	frontier07940	2048
2026-07-12T17:16:04Z	1718	6	frontier07940	2048
2026-07-12T17:16:04Z	1713	1	frontier07940	2048
2026-07-12T17:16:04Z	1332	4	frontier06552	2048
2026-07-12T17:16:04Z	628	4	frontier03623	2048
2026-07-12T17:16:04Z	631	7	frontier03623	2048
2026-07-12T17:16:04Z	624	0	frontier03623	2048
2026-07-12T17:16:04Z	630	6	frontier03623	2048
2026-07-12T17:16:04Z	626	2	frontier03623	2048
2026-07-12T17:16:04Z	627	3	frontier03623	2048
2026-07-12T17:16:04Z	629	5	frontier03623	2048
2026-07-12T17:16:04Z	1984	0	frontier09242	2048
2026-07-12T17:16:04Z	1987	3	frontier09242	2048
2026-07-12T17:16:04Z	625	1	frontier03623	2048
2026-07-12T17:16:04Z	1991	7	frontier09242	2048
2026-07-12T17:16:04Z	1986	2	frontier09242	2048
2026-07-12T17:16:04Z	1208	0	frontier05989	2048
2026-07-12T17:16:04Z	1212	4	frontier05989	2048
2026-07-12T17:16:04Z	1211	3	frontier05989	2048
2026-07-12T17:16:04Z	1775	7	frontier08194	2048
2026-07-12T17:16:04Z	1985	1	frontier09242	2048
2026-07-12T17:16:04Z	1988	4	frontier09242	2048
2026-07-12T17:16:04Z	1989	5	frontier09242	2048
2026-07-12T17:16:04Z	1990	6	frontier09242	2048
2026-07-12T17:16:04Z	1768	0	frontier08194	2048
2026-07-12T17:16:04Z	1773	5	frontier08194	2048
2026-07-12T17:16:04Z	1693	5	frontier07830	2048
2026-07-12T17:16:04Z	1692	4	frontier07830	2048
2026-07-12T17:16:04Z	1688	0	frontier07830	2048
2026-07-12T17:16:04Z	1694	6	frontier07830	2048
2026-07-12T17:16:04Z	1774	6	frontier08194	2048
2026-07-12T17:16:04Z	1772	4	frontier08194	2048
2026-07-12T17:16:04Z	1695	7	frontier07830	2048
2026-07-12T17:16:04Z	1771	3	frontier08194	2048
2026-07-12T17:16:04Z	1689	1	frontier07830	2048
2026-07-12T17:16:04Z	1691	3	frontier07830	2048
2026-07-12T17:16:04Z	1690	2	frontier07830	2048
2026-07-12T17:16:04Z	1209	1	frontier05989	2048
2026-07-12T17:16:04Z	1769	1	frontier08194	2048
2026-07-12T17:16:04Z	1770	2	frontier08194	2048
2026-07-12T17:16:04Z	1213	5	frontier05989	2048
2026-07-12T17:16:04Z	1210	2	frontier05989	2048
2026-07-12T17:16:04Z	1214	6	frontier05989	2048
2026-07-12T17:16:04Z	1215	7	frontier05989	2048
2026-07-12T17:16:04Z	572	4	frontier03366	2048
2026-07-12T17:16:04Z	574	6	frontier03366	2048
2026-07-12T17:16:04Z	570	2	frontier03366	2048
2026-07-12T17:16:04Z	575	7	frontier03366	2048
2026-07-12T17:16:04Z	569	1	frontier03366	2048
2026-07-12T17:16:04Z	571	3	frontier03366	2048
2026-07-12T17:16:04Z	547	3	frontier03233	2048
2026-07-12T17:16:04Z	573	5	frontier03366	2048
2026-07-12T17:16:04Z	550	6	frontier03233	2048
2026-07-12T17:16:04Z	568	0	frontier03366	2048
2026-07-12T17:16:04Z	549	5	frontier03233	2048
2026-07-12T17:16:04Z	545	1	frontier03233	2048
2026-07-12T17:16:04Z	544	0	frontier03233	2048
2026-07-12T17:16:04Z	1466	2	frontier07048	2048
2026-07-12T17:16:04Z	546	2	frontier03233	2048
2026-07-12T17:16:04Z	551	7	frontier03233	2048
2026-07-12T17:16:04Z	548	4	frontier03233	2048
2026-07-12T17:16:04Z	1468	4	frontier07048	2048
2026-07-12T17:16:04Z	1469	5	frontier07048	2048
2026-07-12T17:16:04Z	1467	3	frontier07048	2048
2026-07-12T17:16:04Z	1470	6	frontier07048	2048
2026-07-12T17:16:04Z	1465	1	frontier07048	2048
2026-07-12T17:16:04Z	1471	7	frontier07048	2048
2026-07-12T17:16:04Z	208	0	frontier01045	2048
2026-07-12T17:16:04Z	209	1	frontier01045	2048
2026-07-12T17:16:04Z	211	3	frontier01045	2048
2026-07-12T17:16:04Z	214	6	frontier01045	2048
2026-07-12T17:16:04Z	1464	0	frontier07048	2048
2026-07-12T17:16:04Z	213	5	frontier01045	2048
2026-07-12T17:16:04Z	210	2	frontier01045	2048
2026-07-12T17:16:04Z	215	7	frontier01045	2048
2026-07-12T17:16:04Z	212	4	frontier01045	2048
2026-07-12T17:16:05Z	1247	7	frontier06120	2048
2026-07-12T17:16:05Z	1242	2	frontier06120	2048
2026-07-12T17:16:05Z	1246	6	frontier06120	2048
2026-07-12T17:16:05Z	1241	1	frontier06120	2048
2026-07-12T17:16:05Z	1245	5	frontier06120	2048
2026-07-12T17:16:05Z	937	1	frontier04726	2048
2026-07-12T17:16:05Z	941	5	frontier04726	2048
2026-07-12T17:16:05Z	942	6	frontier04726	2048
2026-07-12T17:16:05Z	936	0	frontier04726	2048
2026-07-12T17:16:05Z	1244	4	frontier06120	2048
2026-07-12T17:16:05Z	943	7	frontier04726	2048
2026-07-12T17:16:05Z	1243	3	frontier06120	2048
2026-07-12T17:16:05Z	940	4	frontier04726	2048
2026-07-12T17:16:05Z	1240	0	frontier06120	2048
2026-07-12T17:16:05Z	939	3	frontier04726	2048
2026-07-12T17:16:05Z	938	2	frontier04726	2048
2026-07-12T17:16:05Z	235	3	frontier01175	2048
2026-07-12T17:16:05Z	237	5	frontier01175	2048
2026-07-12T17:16:05Z	238	6	frontier01175	2048
2026-07-12T17:16:05Z	232	0	frontier01175	2048
2026-07-12T17:16:05Z	236	4	frontier01175	2048
2026-07-12T17:16:05Z	234	2	frontier01175	2048
2026-07-12T17:16:05Z	233	1	frontier01175	2048
2026-07-12T17:16:05Z	239	7	frontier01175	2048
2026-07-12T17:16:05Z	364	4	frontier02101	2048
2026-07-12T17:16:05Z	363	3	frontier02101	2048
2026-07-12T17:16:05Z	360	0	frontier02101	2048
2026-07-12T17:16:05Z	367	7	frontier02101	2048
2026-07-12T17:16:05Z	362	2	frontier02101	2048
2026-07-12T17:16:06Z	361	1	frontier02101	2048
2026-07-12T17:16:06Z	366	6	frontier02101	2048
2026-07-12T17:16:06Z	365	5	frontier02101	2048
2026-07-12T17:16:06Z	1569	1	frontier07426	2048
2026-07-12T17:16:06Z	1574	6	frontier07426	2048
2026-07-12T17:16:06Z	1568	0	frontier07426	2048
2026-07-12T17:16:06Z	1570	2	frontier07426	2048
2026-07-12T17:16:06Z	96	0	frontier00335	2048
2026-07-12T17:16:06Z	101	5	frontier00335	2048
2026-07-12T17:16:06Z	1812	4	frontier08332	2048
2026-07-12T17:16:06Z	1813	5	frontier08332	2048
2026-07-12T17:16:06Z	1809	1	frontier08332	2048
2026-07-12T17:16:06Z	1808	0	frontier08332	2048
2026-07-12T17:16:06Z	1572	4	frontier07426	2048
2026-07-12T17:16:06Z	1573	5	frontier07426	2048
2026-07-12T17:16:06Z	1575	7	frontier07426	2048
2026-07-12T17:16:06Z	1571	3	frontier07426	2048
2026-07-12T17:16:06Z	98	2	frontier00335	2048
2026-07-12T17:16:06Z	1811	3	frontier08332	2048
2026-07-12T17:16:06Z	1815	7	frontier08332	2048
2026-07-12T17:16:06Z	100	4	frontier00335	2048
2026-07-12T17:16:06Z	1814	6	frontier08332	2048
2026-07-12T17:16:06Z	103	7	frontier00335	2048
2026-07-12T17:16:06Z	1378	2	frontier06790	2048
2026-07-12T17:16:06Z	1383	7	frontier06790	2048
2026-07-12T17:16:06Z	1810	2	frontier08332	2048
2026-07-12T17:16:06Z	97	1	frontier00335	2048
2026-07-12T17:16:06Z	1380	4	frontier06790	2048
2026-07-12T17:16:06Z	1379	3	frontier06790	2048
2026-07-12T17:16:06Z	102	6	frontier00335	2048
2026-07-12T17:16:06Z	99	3	frontier00335	2048
2026-07-12T17:16:06Z	1382	6	frontier06790	2048
2026-07-12T17:16:06Z	1377	1	frontier06790	2048
2026-07-12T17:16:06Z	1376	0	frontier06790	2048
2026-07-12T17:16:06Z	1381	5	frontier06790	2048
2026-07-12T17:16:06Z	1824	0	frontier08362	2048
2026-07-12T17:16:06Z	1828	4	frontier08362	2048
2026-07-12T17:16:06Z	1826	2	frontier08362	2048
2026-07-12T17:16:06Z	1829	5	frontier08362	2048
2026-07-12T17:16:06Z	1825	1	frontier08362	2048
2026-07-12T17:16:06Z	1830	6	frontier08362	2048
2026-07-12T17:16:06Z	1831	7	frontier08362	2048
2026-07-12T17:16:06Z	655	7	frontier03718	2048
2026-07-12T17:16:06Z	652	4	frontier03718	2048
2026-07-12T17:16:06Z	653	5	frontier03718	2048
2026-07-12T17:16:06Z	651	3	frontier03718	2048
2026-07-12T17:16:06Z	1827	3	frontier08362	2048
2026-07-12T17:16:06Z	650	2	frontier03718	2048
2026-07-12T17:16:06Z	649	1	frontier03718	2048
2026-07-12T17:16:06Z	654	6	frontier03718	2048
2026-07-12T17:16:06Z	648	0	frontier03718	2048
2026-07-12T17:16:06Z	1833	1	frontier08451	2048
2026-07-12T17:16:06Z	1355	3	frontier06678	2048
2026-07-12T17:16:06Z	1836	4	frontier08451	2048
2026-07-12T17:16:06Z	1358	6	frontier06678	2048
2026-07-12T17:16:06Z	1359	7	frontier06678	2048
2026-07-12T17:16:06Z	1834	2	frontier08451	2048
2026-07-12T17:16:06Z	1832	0	frontier08451	2048
2026-07-12T17:16:06Z	1354	2	frontier06678	2048
2026-07-12T17:16:06Z	1353	1	frontier06678	2048
2026-07-12T17:16:06Z	1356	4	frontier06678	2048
2026-07-12T17:16:06Z	1835	3	frontier08451	2048
2026-07-12T17:16:06Z	1357	5	frontier06678	2048
2026-07-12T17:16:06Z	1352	0	frontier06678	2048
2026-07-12T17:16:06Z	1838	6	frontier08451	2048
2026-07-12T17:16:06Z	1605	5	frontier07468	2048
2026-07-12T17:16:06Z	1606	6	frontier07468	2048
2026-07-12T17:16:06Z	1604	4	frontier07468	2048
2026-07-12T17:16:06Z	1601	1	frontier07468	2048
2026-07-12T17:16:06Z	1603	3	frontier07468	2048
2026-07-12T17:16:06Z	1600	0	frontier07468	2048
2026-07-12T17:16:06Z	1607	7	frontier07468	2048
2026-07-12T17:16:06Z	1602	2	frontier07468	2048
2026-07-12T17:16:06Z	1837	5	frontier08451	2048
2026-07-12T17:16:06Z	1839	7	frontier08451	2048
2026-07-12T17:16:06Z	243	3	frontier01297	2048
2026-07-12T17:16:06Z	242	2	frontier01297	2048
2026-07-12T17:16:06Z	240	0	frontier01297	2048
2026-07-12T17:16:06Z	241	1	frontier01297	2048
2026-07-12T17:16:06Z	245	5	frontier01297	2048
2026-07-12T17:16:06Z	247	7	frontier01297	2048
2026-07-12T17:16:06Z	244	4	frontier01297	2048
2026-07-12T17:16:06Z	246	6	frontier01297	2048
2026-07-12T17:16:06Z	216	0	frontier01050	2048
2026-07-12T17:16:06Z	219	3	frontier01050	2048
2026-07-12T17:16:06Z	221	5	frontier01050	2048
2026-07-12T17:16:06Z	1407	7	frontier06879	2048
2026-07-12T17:16:06Z	1400	0	frontier06879	2048
2026-07-12T17:16:06Z	1405	5	frontier06879	2048
2026-07-12T17:16:06Z	1402	2	frontier06879	2048
2026-07-12T17:16:06Z	1401	1	frontier06879	2048
2026-07-12T17:16:06Z	1406	6	frontier06879	2048
2026-07-12T17:16:06Z	1403	3	frontier06879	2048
2026-07-12T17:16:06Z	1404	4	frontier06879	2048
2026-07-12T17:16:06Z	220	4	frontier01050	2048
2026-07-12T17:16:06Z	1970	2	frontier09223	2048
2026-07-12T17:16:06Z	1974	6	frontier09223	2048
2026-07-12T17:16:06Z	1973	5	frontier09223	2048
2026-07-12T17:16:06Z	1975	7	frontier09223	2048
2026-07-12T17:16:06Z	1969	1	frontier09223	2048
2026-07-12T17:16:06Z	1972	4	frontier09223	2048
2026-07-12T17:16:06Z	1971	3	frontier09223	2048
2026-07-12T17:16:06Z	1968	0	frontier09223	2048
2026-07-12T17:16:06Z	217	1	frontier01050	2048
2026-07-12T17:16:06Z	222	6	frontier01050	2048
2026-07-12T17:16:06Z	1729	1	frontier07956	2048
2026-07-12T17:16:06Z	1733	5	frontier07956	2048
2026-07-12T17:16:06Z	1734	6	frontier07956	2048
2026-07-12T17:16:06Z	1730	2	frontier07956	2048
2026-07-12T17:16:06Z	1728	0	frontier07956	2048
2026-07-12T17:16:06Z	1735	7	frontier07956	2048
2026-07-12T17:16:06Z	1732	4	frontier07956	2048
2026-07-12T17:16:06Z	1731	3	frontier07956	2048
2026-07-12T17:16:06Z	223	7	frontier01050	2048
2026-07-12T17:16:06Z	218	2	frontier01050	2048
2026-07-12T17:16:07Z	1373	5	frontier06732	2048
2026-07-12T17:16:07Z	1368	0	frontier06732	2048
2026-07-12T17:16:07Z	1374	6	frontier06732	2048
2026-07-12T17:16:07Z	1375	7	frontier06732	2048
2026-07-12T17:16:07Z	1369	1	frontier06732	2048
2026-07-12T17:16:07Z	1371	3	frontier06732	2048
2026-07-12T17:16:07Z	20	4	frontier00027	2048
2026-07-12T17:16:07Z	17	1	frontier00027	2048
2026-07-12T17:16:07Z	1372	4	frontier06732	2048
2026-07-12T17:16:07Z	1474	2	frontier07115	2048
2026-07-12T17:16:07Z	1473	1	frontier07115	2048
2026-07-12T17:16:07Z	1472	0	frontier07115	2048
2026-07-12T17:16:07Z	1479	7	frontier07115	2048
2026-07-12T17:16:07Z	19	3	frontier00027	2048
2026-07-12T17:16:07Z	1370	2	frontier06732	2048
2026-07-12T17:16:07Z	1475	3	frontier07115	2048
2026-07-12T17:16:07Z	1478	6	frontier07115	2048
2026-07-12T17:16:07Z	1477	5	frontier07115	2048
2026-07-12T17:16:07Z	22	6	frontier00027	2048
2026-07-12T17:16:07Z	1476	4	frontier07115	2048
2026-07-12T17:16:07Z	32	0	frontier00079	2048
2026-07-12T17:16:07Z	35	3	frontier00079	2048
2026-07-12T17:16:07Z	36	4	frontier00079	2048
2026-07-12T17:16:07Z	18	2	frontier00027	2048
2026-07-12T17:16:07Z	39	7	frontier00079	2048
2026-07-12T17:16:07Z	33	1	frontier00079	2048
2026-07-12T17:16:07Z	21	5	frontier00027	2048
2026-07-12T17:16:07Z	23	7	frontier00027	2048
2026-07-12T17:16:07Z	16	0	frontier00027	2048
2026-07-12T17:16:07Z	1108	4	frontier05425	2048
2026-07-12T17:16:07Z	34	2	frontier00079	2048
2026-07-12T17:16:07Z	1109	5	frontier05425	2048
2026-07-12T17:16:07Z	37	5	frontier00079	2048
2026-07-12T17:16:07Z	1107	3	frontier05425	2048
2026-07-12T17:16:07Z	38	6	frontier00079	2048
2026-07-12T17:16:07Z	1491	3	frontier07178	2048
2026-07-12T17:16:07Z	1490	2	frontier07178	2048
2026-07-12T17:16:07Z	1111	7	frontier05425	2048
2026-07-12T17:16:07Z	1110	6	frontier05425	2048
2026-07-12T17:16:07Z	1662	6	frontier07705	2048
2026-07-12T17:16:07Z	1656	0	frontier07705	2048
2026-07-12T17:16:07Z	1661	5	frontier07705	2048
2026-07-12T17:16:07Z	1494	6	frontier07178	2048
2026-07-12T17:16:07Z	1492	4	frontier07178	2048
2026-07-12T17:16:07Z	1657	1	frontier07705	2048
2026-07-12T17:16:07Z	1488	0	frontier07178	2048
2026-07-12T17:16:07Z	1658	2	frontier07705	2048
2026-07-12T17:16:07Z	1493	5	frontier07178	2048
2026-07-12T17:16:07Z	1489	1	frontier07178	2048
2026-07-12T17:16:07Z	1495	7	frontier07178	2048
2026-07-12T17:16:07Z	1106	2	frontier05425	2048
2026-07-12T17:16:07Z	1104	0	frontier05425	2048
2026-07-12T17:16:07Z	1663	7	frontier07705	2048
2026-07-12T17:16:07Z	1659	3	frontier07705	2048
2026-07-12T17:16:07Z	1660	4	frontier07705	2048
2026-07-12T17:16:07Z	2013	5	frontier09397	2048
2026-07-12T17:16:07Z	2009	1	frontier09397	2048
2026-07-12T17:16:07Z	2008	0	frontier09397	2048
2026-07-12T17:16:07Z	2012	4	frontier09397	2048
2026-07-12T17:16:07Z	2015	7	frontier09397	2048
2026-07-12T17:16:07Z	2011	3	frontier09397	2048
2026-07-12T17:16:07Z	2010	2	frontier09397	2048
2026-07-12T17:16:07Z	2014	6	frontier09397	2048
2026-07-12T17:16:07Z	1105	1	frontier05425	2048
2026-07-12T17:16:07Z	473	1	frontier02815	2048
2026-07-12T17:16:07Z	475	3	frontier02815	2048
2026-07-12T17:16:07Z	474	2	frontier02815	2048
2026-07-12T17:16:07Z	479	7	frontier02815	2048
2026-07-12T17:16:08Z	478	6	frontier02815	2048
2026-07-12T17:16:08Z	476	4	frontier02815	2048
2026-07-12T17:16:08Z	477	5	frontier02815	2048
2026-07-12T17:16:08Z	472	0	frontier02815	2048
2026-07-12T17:16:08Z	1262	6	frontier06162	2048
2026-07-12T17:16:08Z	1261	5	frontier06162	2048
2026-07-12T17:16:08Z	1263	7	frontier06162	2048
2026-07-12T17:16:08Z	1256	0	frontier06162	2048
2026-07-12T17:16:08Z	1258	2	frontier06162	2048
2026-07-12T17:16:08Z	1257	1	frontier06162	2048
2026-07-12T17:16:08Z	1260	4	frontier06162	2048
2026-07-12T17:16:08Z	1259	3	frontier06162	2048
2026-07-12T17:16:08Z	131	3	frontier00546	2048
2026-07-12T17:16:08Z	129	1	frontier00546	2048
2026-07-12T17:16:08Z	133	5	frontier00546	2048
2026-07-12T17:16:08Z	134	6	frontier00546	2048
2026-07-12T17:16:08Z	128	0	frontier00546	2048
2026-07-12T17:16:08Z	132	4	frontier00546	2048
2026-07-12T17:16:08Z	135	7	frontier00546	2048
2026-07-12T17:16:08Z	130	2	frontier00546	2048
2026-07-12T17:16:08Z	1560	0	frontier07379	2048
2026-07-12T17:16:08Z	1563	3	frontier07379	2048
2026-07-12T17:16:08Z	1565	5	frontier07379	2048
2026-07-12T17:16:08Z	1566	6	frontier07379	2048
2026-07-12T17:16:08Z	1561	1	frontier07379	2048
2026-07-12T17:16:08Z	1567	7	frontier07379	2048
2026-07-12T17:16:08Z	1616	0	frontier07556	2048
2026-07-12T17:16:08Z	1623	7	frontier07556	2048
2026-07-12T17:16:08Z	1617	1	frontier07556	2048
2026-07-12T17:16:08Z	1618	2	frontier07556	2048
2026-07-12T17:16:08Z	1562	2	frontier07379	2048
2026-07-12T17:16:08Z	1780	4	frontier08201	2048
2026-07-12T17:16:08Z	1564	4	frontier07379	2048
2026-07-12T17:16:08Z	1622	6	frontier07556	2048
2026-07-12T17:16:08Z	1621	5	frontier07556	2048
2026-07-12T17:16:08Z	1783	7	frontier08201	2048
2026-07-12T17:16:08Z	1619	3	frontier07556	2048
2026-07-12T17:16:08Z	1620	4	frontier07556	2048
2026-07-12T17:16:08Z	1779	3	frontier08201	2048
2026-07-12T17:16:08Z	1778	2	frontier08201	2048
2026-07-12T17:16:08Z	1776	0	frontier08201	2048
2026-07-12T17:16:08Z	1782	6	frontier08201	2048
2026-07-12T17:16:08Z	1777	1	frontier08201	2048
2026-07-12T17:16:08Z	1347	3	frontier06632	2048
2026-07-12T17:16:08Z	1346	2	frontier06632	2048
2026-07-12T17:16:08Z	1348	4	frontier06632	2048
2026-07-12T17:16:08Z	1345	1	frontier06632	2048
2026-07-12T17:16:08Z	1350	6	frontier06632	2048
2026-07-12T17:16:08Z	1781	5	frontier08201	2048
2026-07-12T17:16:08Z	1351	7	frontier06632	2048
2026-07-12T17:16:08Z	1344	0	frontier06632	2048
2026-07-12T17:16:08Z	1349	5	frontier06632	2048
2026-07-12T17:16:08Z	203	3	frontier00903	2048
2026-07-12T17:16:08Z	207	7	frontier00903	2048
2026-07-12T17:16:08Z	200	0	frontier00903	2048
2026-07-12T17:16:08Z	206	6	frontier00903	2048
2026-07-12T17:16:08Z	205	5	frontier00903	2048
2026-07-12T17:16:08Z	202	2	frontier00903	2048
2026-07-12T17:16:08Z	204	4	frontier00903	2048
2026-07-12T17:16:08Z	201	1	frontier00903	2048
2026-07-12T17:16:08Z	1636	4	frontier07615	2048
2026-07-12T17:16:08Z	1633	1	frontier07615	2048
2026-07-12T17:16:08Z	1637	5	frontier07615	2048
2026-07-12T17:16:08Z	1634	2	frontier07615	2048
2026-07-12T17:16:09Z	1639	7	frontier07615	2048
2026-07-12T17:16:09Z	632	0	frontier03633	2048
2026-07-12T17:16:09Z	636	4	frontier03633	2048
2026-07-12T17:16:09Z	1632	0	frontier07615	2048
2026-07-12T17:16:09Z	1638	6	frontier07615	2048
2026-07-12T17:16:09Z	1635	3	frontier07615	2048
2026-07-12T17:16:09Z	633	1	frontier03633	2048
2026-07-12T17:16:09Z	872	0	frontier04476	2048
2026-07-12T17:16:09Z	873	1	frontier04476	2048
2026-07-12T17:16:09Z	424	0	frontier02473	2048
2026-07-12T17:16:09Z	430	6	frontier02473	2048
2026-07-12T17:16:09Z	429	5	frontier02473	2048
2026-07-12T17:16:09Z	877	5	frontier04476	2048
2026-07-12T17:16:09Z	431	7	frontier02473	2048
2026-07-12T17:16:09Z	425	1	frontier02473	2048
2026-07-12T17:16:09Z	879	7	frontier04476	2048
2026-07-12T17:16:09Z	874	2	frontier04476	2048
2026-07-12T17:16:09Z	428	4	frontier02473	2048
2026-07-12T17:16:09Z	875	3	frontier04476	2048
2026-07-12T17:16:09Z	878	6	frontier04476	2048
2026-07-12T17:16:09Z	876	4	frontier04476	2048
2026-07-12T17:16:09Z	426	2	frontier02473	2048
2026-07-12T17:16:09Z	427	3	frontier02473	2048
2026-07-12T17:16:09Z	635	3	frontier03633	2048
2026-07-12T17:16:09Z	634	2	frontier03633	2048
2026-07-12T17:16:09Z	805	5	frontier04214	2048
2026-07-12T17:16:09Z	800	0	frontier04214	2048
2026-07-12T17:16:09Z	804	4	frontier04214	2048
2026-07-12T17:16:09Z	803	3	frontier04214	2048
2026-07-12T17:16:09Z	807	7	frontier04214	2048
2026-07-12T17:16:09Z	802	2	frontier04214	2048
2026-07-12T17:16:09Z	806	6	frontier04214	2048
2026-07-12T17:16:09Z	801	1	frontier04214	2048
2026-07-12T17:16:09Z	52	4	frontier00130	2048
2026-07-12T17:16:09Z	49	1	frontier00130	2048
2026-07-12T17:16:09Z	48	0	frontier00130	2048
2026-07-12T17:16:09Z	50	2	frontier00130	2048
2026-07-12T17:16:09Z	54	6	frontier00130	2048
2026-07-12T17:16:09Z	51	3	frontier00130	2048
2026-07-12T17:16:09Z	53	5	frontier00130	2048
2026-07-12T17:16:09Z	637	5	frontier03633	2048
2026-07-12T17:16:09Z	55	7	frontier00130	2048
2026-07-12T17:16:09Z	638	6	frontier03633	2048
2026-07-12T17:16:09Z	856	0	frontier04368	2048
2026-07-12T17:16:09Z	863	7	frontier04368	2048
2026-07-12T17:16:09Z	859	3	frontier04368	2048
2026-07-12T17:16:09Z	857	1	frontier04368	2048
2026-07-12T17:16:09Z	858	2	frontier04368	2048
2026-07-12T17:16:09Z	861	5	frontier04368	2048
2026-07-12T17:16:09Z	860	4	frontier04368	2048
2026-07-12T17:16:09Z	862	6	frontier04368	2048
2026-07-12T17:16:09Z	253	5	frontier01323	2048
2026-07-12T17:16:09Z	248	0	frontier01323	2048
2026-07-12T17:16:09Z	255	7	frontier01323	2048
2026-07-12T17:16:09Z	251	3	frontier01323	2048
2026-07-12T17:16:09Z	254	6	frontier01323	2048
2026-07-12T17:16:09Z	252	4	frontier01323	2048
2026-07-12T17:16:09Z	250	2	frontier01323	2048
2026-07-12T17:16:09Z	249	1	frontier01323	2048
2026-07-12T17:16:09Z	530	2	frontier03200	2048
2026-07-12T17:16:09Z	533	5	frontier03200	2048
2026-07-12T17:16:09Z	535	7	frontier03200	2048
2026-07-12T17:16:09Z	528	0	frontier03200	2048
2026-07-12T17:16:09Z	529	1	frontier03200	2048
2026-07-12T17:16:09Z	531	3	frontier03200	2048
2026-07-12T17:16:09Z	532	4	frontier03200	2048
2026-07-12T17:16:09Z	534	6	frontier03200	2048
2026-07-12T17:16:09Z	1196	4	frontier05960	2048
2026-07-12T17:16:09Z	1195	3	frontier05960	2048
2026-07-12T17:16:09Z	1193	1	frontier05960	2048
2026-07-12T17:16:09Z	1198	6	frontier05960	2048
2026-07-12T17:16:09Z	1194	2	frontier05960	2048
2026-07-12T17:16:09Z	639	7	frontier03633	2048
2026-07-12T17:16:09Z	1192	0	frontier05960	2048
2026-07-12T17:16:09Z	1197	5	frontier05960	2048
2026-07-12T17:16:09Z	1199	7	frontier05960	2048
2026-07-12T17:16:09Z	1413	5	frontier06891	2048
2026-07-12T17:16:09Z	1409	1	frontier06891	2048
2026-07-12T17:16:09Z	1411	3	frontier06891	2048
2026-07-12T17:16:09Z	1414	6	frontier06891	2048
2026-07-12T17:16:09Z	1412	4	frontier06891	2048
2026-07-12T17:16:09Z	1408	0	frontier06891	2048
2026-07-12T17:16:09Z	1410	2	frontier06891	2048
2026-07-12T17:16:09Z	1415	7	frontier06891	2048
2026-07-12T17:16:09Z	1709	5	frontier07939	2048
2026-07-12T17:16:09Z	680	0	frontier03839	2048
2026-07-12T17:16:09Z	1704	0	frontier07939	2048
2026-07-12T17:16:09Z	687	7	frontier03839	2048
2026-07-12T17:16:09Z	1707	3	frontier07939	2048
2026-07-12T17:16:09Z	683	3	frontier03839	2048
2026-07-12T17:16:09Z	1710	6	frontier07939	2048
2026-07-12T17:16:09Z	1708	4	frontier07939	2048
2026-07-12T17:16:09Z	1705	1	frontier07939	2048
2026-07-12T17:16:09Z	1706	2	frontier07939	2048
2026-07-12T17:16:09Z	1711	7	frontier07939	2048
2026-07-12T17:16:09Z	685	5	frontier03839	2048
2026-07-12T17:16:09Z	684	4	frontier03839	2048
2026-07-12T17:16:09Z	686	6	frontier03839	2048
2026-07-12T17:16:09Z	1904	0	frontier08758	2048
2026-07-12T17:16:09Z	682	2	frontier03839	2048
2026-07-12T17:16:09Z	681	1	frontier03839	2048
2026-07-12T17:16:09Z	1906	2	frontier08758	2048
2026-07-12T17:16:09Z	77	5	frontier00134	2048
2026-07-12T17:16:09Z	76	4	frontier00134	2048
2026-07-12T17:16:09Z	74	2	frontier00134	2048
2026-07-12T17:16:09Z	1530	2	frontier07298	2048
2026-07-12T17:16:09Z	1531	3	frontier07298	2048
2026-07-12T17:16:09Z	1532	4	frontier07298	2048
2026-07-12T17:16:09Z	1529	1	frontier07298	2048
2026-07-12T17:16:09Z	1534	6	frontier07298	2048
2026-07-12T17:16:09Z	1533	5	frontier07298	2048
2026-07-12T17:16:09Z	1910	6	frontier08758	2048
2026-07-12T17:16:09Z	703	7	frontier03884	2048
2026-07-12T17:16:09Z	582	6	frontier03507	2048
2026-07-12T17:16:09Z	1528	0	frontier07298	2048
2026-07-12T17:16:09Z	580	4	frontier03507	2048
2026-07-12T17:16:09Z	576	0	frontier03507	2048
2026-07-12T17:16:09Z	1535	7	frontier07298	2048
2026-07-12T17:16:09Z	696	0	frontier03884	2048
2026-07-12T17:16:09Z	1905	1	frontier08758	2048
2026-07-12T17:16:09Z	583	7	frontier03507	2048
2026-07-12T17:16:09Z	578	2	frontier03507	2048
2026-07-12T17:16:09Z	577	1	frontier03507	2048
2026-07-12T17:16:09Z	1907	3	frontier08758	2048
2026-07-12T17:16:09Z	73	1	frontier00134	2048
2026-07-12T17:16:09Z	702	6	frontier03884	2048
2026-07-12T17:16:09Z	700	4	frontier03884	2048
2026-07-12T17:16:09Z	697	1	frontier03884	2048
2026-07-12T17:16:09Z	1909	5	frontier08758	2048
2026-07-12T17:16:09Z	579	3	frontier03507	2048
2026-07-12T17:16:09Z	581	5	frontier03507	2048
2026-07-12T17:16:09Z	1290	2	frontier06339	2048
2026-07-12T17:16:09Z	1289	1	frontier06339	2048
2026-07-12T17:16:09Z	1295	7	frontier06339	2048
2026-07-12T17:16:09Z	1293	5	frontier06339	2048
2026-07-12T17:16:09Z	1291	3	frontier06339	2048
2026-07-12T17:16:09Z	1292	4	frontier06339	2048
2026-07-12T17:16:09Z	1294	6	frontier06339	2048
2026-07-12T17:16:09Z	1288	0	frontier06339	2048
2026-07-12T17:16:09Z	1137	1	frontier05650	2048
2026-07-12T17:16:09Z	701	5	frontier03884	2048
2026-07-12T17:16:09Z	1139	3	frontier05650	2048
2026-07-12T17:16:09Z	1136	0	frontier05650	2048
2026-07-12T17:16:09Z	1138	2	frontier05650	2048
2026-07-12T17:16:09Z	901	5	frontier04590	2048
2026-07-12T17:16:09Z	903	7	frontier04590	2048
2026-07-12T17:16:09Z	896	0	frontier04590	2048
2026-07-12T17:16:09Z	900	4	frontier04590	2048
2026-07-12T17:16:09Z	899	3	frontier04590	2048
2026-07-12T17:16:09Z	1596	4	frontier07454	2048
2026-07-12T17:16:09Z	1597	5	frontier07454	2048
2026-07-12T17:16:09Z	75	3	frontier00134	2048
2026-07-12T17:16:09Z	897	1	frontier04590	2048
2026-07-12T17:16:09Z	698	2	frontier03884	2048
2026-07-12T17:16:09Z	898	2	frontier04590	2048
2026-07-12T17:16:09Z	1131	3	frontier05622	2048
2026-07-12T17:16:09Z	1128	0	frontier05622	2048
2026-07-12T17:16:09Z	1129	1	frontier05622	2048
2026-07-12T17:16:09Z	902	6	frontier04590	2048
2026-07-12T17:16:09Z	1130	2	frontier05622	2048
2026-07-12T17:16:09Z	699	3	frontier03884	2048
2026-07-12T17:16:09Z	79	7	frontier00134	2048
2026-07-12T17:16:09Z	1135	7	frontier05622	2048
2026-07-12T17:16:09Z	1594	2	frontier07454	2048
2026-07-12T17:16:09Z	1134	6	frontier05622	2048
2026-07-12T17:16:09Z	1911	7	frontier08758	2048
2026-07-12T17:16:09Z	1908	4	frontier08758	2048
2026-07-12T17:16:09Z	1049	1	frontier05111	2048
2026-07-12T17:16:09Z	1133	5	frontier05622	2048
2026-07-12T17:16:09Z	1052	4	frontier05111	2048
2026-07-12T17:16:09Z	1053	5	frontier05111	2048
2026-07-12T17:16:09Z	1132	4	frontier05622	2048
2026-07-12T17:16:09Z	1050	2	frontier05111	2048
2026-07-12T17:16:09Z	1143	7	frontier05650	2048
2026-07-12T17:16:09Z	1280	0	frontier06280	2048
2026-07-12T17:16:09Z	1283	3	frontier06280	2048
2026-07-12T17:16:09Z	1281	1	frontier06280	2048
2026-07-12T17:16:09Z	1286	6	frontier06280	2048
2026-07-12T17:16:10Z	1285	5	frontier06280	2048
2026-07-12T17:16:10Z	1282	2	frontier06280	2048
2026-07-12T17:16:10Z	1287	7	frontier06280	2048
2026-07-12T17:16:10Z	1284	4	frontier06280	2048
2026-07-12T17:16:10Z	1141	5	frontier05650	2048
2026-07-12T17:16:10Z	1140	4	frontier05650	2048
2026-07-12T17:16:10Z	1592	0	frontier07454	2048
2026-07-12T17:16:10Z	1142	6	frontier05650	2048
2026-07-12T17:16:10Z	1595	3	frontier07454	2048
2026-07-12T17:16:10Z	1054	6	frontier05111	2048
2026-07-12T17:16:10Z	72	0	frontier00134	2048
2026-07-12T17:16:10Z	78	6	frontier00134	2048
2026-07-12T17:16:10Z	1055	7	frontier05111	2048
2026-07-12T17:16:10Z	1599	7	frontier07454	2048
2026-07-12T17:16:10Z	1008	0	frontier04906	2048
2026-07-12T17:16:10Z	1009	1	frontier04906	2048
2026-07-12T17:16:10Z	1048	0	frontier05111	2048
2026-07-12T17:16:10Z	1012	4	frontier04906	2048
2026-07-12T17:16:10Z	1051	3	frontier05111	2048
2026-07-12T17:16:10Z	1598	6	frontier07454	2048
2026-07-12T17:16:10Z	1593	1	frontier07454	2048
2026-07-12T17:16:10Z	1013	5	frontier04906	2048
2026-07-12T17:16:10Z	1014	6	frontier04906	2048
2026-07-12T17:16:10Z	1015	7	frontier04906	2048
2026-07-12T17:16:10Z	1081	1	frontier05309	2048
2026-07-12T17:16:10Z	1085	5	frontier05309	2048
2026-07-12T17:16:10Z	1083	3	frontier05309	2048
2026-07-12T17:16:10Z	1087	7	frontier05309	2048
2026-07-12T17:16:10Z	1011	3	frontier04906	2048
2026-07-12T17:16:10Z	1084	4	frontier05309	2048
2026-07-12T17:16:10Z	1086	6	frontier05309	2048
2026-07-12T17:16:10Z	1068	4	frontier05165	2048
2026-07-12T17:16:10Z	1067	3	frontier05165	2048
2026-07-12T17:16:10Z	190	6	frontier00840	2048
2026-07-12T17:16:10Z	1010	2	frontier04906	2048
2026-07-12T17:16:10Z	188	4	frontier00840	2048
2026-07-12T17:16:10Z	187	3	frontier00840	2048
2026-07-12T17:16:10Z	191	7	frontier00840	2048
2026-07-12T17:16:10Z	1065	1	frontier05165	2048
2026-07-12T17:16:10Z	1071	7	frontier05165	2048
2026-07-12T17:16:10Z	1070	6	frontier05165	2048
2026-07-12T17:16:10Z	1080	0	frontier05309	2048
2026-07-12T17:16:10Z	1066	2	frontier05165	2048
2026-07-12T17:16:10Z	186	2	frontier00840	2048
2026-07-12T17:16:10Z	1082	2	frontier05309	2048
2026-07-12T17:16:10Z	1064	0	frontier05165	2048
2026-07-12T17:16:10Z	189	5	frontier00840	2048
2026-07-12T17:16:10Z	185	1	frontier00840	2048
2026-07-12T17:16:10Z	1069	5	frontier05165	2048
2026-07-12T17:16:10Z	184	0	frontier00840	2048
2026-07-12T17:16:10Z	1698	2	frontier07870	2048
2026-07-12T17:16:10Z	1697	1	frontier07870	2048
2026-07-12T17:16:10Z	1700	4	frontier07870	2048
2026-07-12T17:16:10Z	1701	5	frontier07870	2048
2026-07-12T17:16:10Z	1702	6	frontier07870	2048
2026-07-12T17:16:10Z	1703	7	frontier07870	2048
2026-07-12T17:16:10Z	585	1	frontier03523	2048
2026-07-12T17:16:10Z	1696	0	frontier07870	2048
2026-07-12T17:16:10Z	588	4	frontier03523	2048
2026-07-12T17:16:10Z	590	6	frontier03523	2048
2026-07-12T17:16:10Z	1699	3	frontier07870	2048
2026-07-12T17:16:10Z	591	7	frontier03523	2048
2026-07-12T17:16:10Z	584	0	frontier03523	2048
2026-07-12T17:16:10Z	142	6	frontier00625	2048
2026-07-12T17:16:10Z	136	0	frontier00625	2048
2026-07-12T17:16:10Z	401	1	frontier02352	2048
2026-07-12T17:16:10Z	404	4	frontier02352	2048
2026-07-12T17:16:10Z	140	4	frontier00625	2048
2026-07-12T17:16:10Z	138	2	frontier00625	2048
2026-07-12T17:16:10Z	141	5	frontier00625	2048
2026-07-12T17:16:10Z	602	2	frontier03575	2048
2026-07-12T17:16:10Z	137	1	frontier00625	2048
2026-07-12T17:16:10Z	402	2	frontier02352	2048
2026-07-12T17:16:10Z	603	3	frontier03575	2048
2026-07-12T17:16:10Z	604	4	frontier03575	2048
2026-07-12T17:16:10Z	405	5	frontier02352	2048
2026-07-12T17:16:10Z	139	3	frontier00625	2048
2026-07-12T17:16:10Z	400	0	frontier02352	2048
2026-07-12T17:16:10Z	606	6	frontier03575	2048
2026-07-12T17:16:10Z	586	2	frontier03523	2048
2026-07-12T17:16:10Z	587	3	frontier03523	2048
2026-07-12T17:16:10Z	143	7	frontier00625	2048
2026-07-12T17:16:10Z	407	7	frontier02352	2048
2026-07-12T17:16:10Z	589	5	frontier03523	2048
2026-07-12T17:16:10Z	600	0	frontier03575	2048
2026-07-12T17:16:10Z	406	6	frontier02352	2048
2026-07-12T17:16:10Z	1515	3	frontier07221	2048
2026-07-12T17:16:10Z	605	5	frontier03575	2048
2026-07-12T17:16:10Z	1518	6	frontier07221	2048
2026-07-12T17:16:10Z	1512	0	frontier07221	2048
2026-07-12T17:16:10Z	1519	7	frontier07221	2048
2026-07-12T17:16:10Z	1516	4	frontier07221	2048
2026-07-12T17:16:10Z	1517	5	frontier07221	2048
2026-07-12T17:16:10Z	1514	2	frontier07221	2048
2026-07-12T17:16:10Z	1513	1	frontier07221	2048
2026-07-12T17:16:10Z	607	7	frontier03575	2048
2026-07-12T17:16:10Z	403	3	frontier02352	2048
2026-07-12T17:16:10Z	1929	1	frontier08884	2048
2026-07-12T17:16:10Z	1933	5	frontier08884	2048
2026-07-12T17:16:10Z	1934	6	frontier08884	2048
2026-07-12T17:16:11Z	1928	0	frontier08884	2048
2026-07-12T17:16:11Z	1931	3	frontier08884	2048
2026-07-12T17:16:11Z	601	1	frontier03575	2048
2026-07-12T17:16:11Z	1932	4	frontier08884	2048
2026-07-12T17:16:11Z	1930	2	frontier08884	2048
2026-07-12T17:16:11Z	1935	7	frontier08884	2048
2026-07-12T17:16:11Z	669	5	frontier03833	2048
2026-07-12T17:16:11Z	667	3	frontier03833	2048
2026-07-12T17:16:11Z	665	1	frontier03833	2048
2026-07-12T17:16:11Z	664	0	frontier03833	2048
2026-07-12T17:16:11Z	728	0	frontier03989	2048
2026-07-12T17:16:11Z	731	3	frontier03989	2048
2026-07-12T17:16:11Z	668	4	frontier03833	2048
2026-07-12T17:16:11Z	732	4	frontier03989	2048
2026-07-12T17:16:11Z	734	6	frontier03989	2048
2026-07-12T17:16:11Z	733	5	frontier03989	2048
2026-07-12T17:16:11Z	730	2	frontier03989	2048
2026-07-12T17:16:11Z	735	7	frontier03989	2048
2026-07-12T17:16:11Z	670	6	frontier03833	2048
2026-07-12T17:16:11Z	666	2	frontier03833	2048
2026-07-12T17:16:11Z	671	7	frontier03833	2048
2026-07-12T17:16:11Z	729	1	frontier03989	2048
2026-07-12T17:16:11Z	1944	0	frontier08888	2048
2026-07-12T17:16:11Z	1947	3	frontier08888	2048
2026-07-12T17:16:11Z	1951	7	frontier08888	2048
2026-07-12T17:16:11Z	1946	2	frontier08888	2048
2026-07-12T17:16:11Z	1948	4	frontier08888	2048
2026-07-12T17:16:11Z	843	3	frontier04343	2048
2026-07-12T17:16:11Z	156	4	frontier00667	2048
2026-07-12T17:16:11Z	846	6	frontier04343	2048
2026-07-12T17:16:11Z	154	2	frontier00667	2048
2026-07-12T17:16:11Z	1949	5	frontier08888	2048
2026-07-12T17:16:11Z	847	7	frontier04343	2048
2026-07-12T17:16:11Z	1441	1	frontier06935	2048
2026-07-12T17:16:11Z	1446	6	frontier06935	2048
2026-07-12T17:16:11Z	158	6	frontier00667	2048
2026-07-12T17:16:11Z	1950	6	frontier08888	2048
2026-07-12T17:16:11Z	325	5	frontier01878	2048
2026-07-12T17:16:11Z	797	5	frontier04213	2048
2026-07-12T17:16:11Z	320	0	frontier01878	2048
2026-07-12T17:16:11Z	795	3	frontier04213	2048
2026-07-12T17:16:11Z	1945	1	frontier08888	2048
2026-07-12T17:16:11Z	326	6	frontier01878	2048
2026-07-12T17:16:11Z	322	2	frontier01878	2048
2026-07-12T17:16:11Z	1440	0	frontier06935	2048
2026-07-12T17:16:11Z	1444	4	frontier06935	2048
2026-07-12T17:16:11Z	327	7	frontier01878	2048
2026-07-12T17:16:11Z	321	1	frontier01878	2048
2026-07-12T17:16:11Z	324	4	frontier01878	2048
2026-07-12T17:16:11Z	1166	6	frontier05762	2048
2026-07-12T17:16:11Z	273	1	frontier01570	2048
2026-07-12T17:16:11Z	1163	3	frontier05762	2048
2026-07-12T17:16:11Z	845	5	frontier04343	2048
2026-07-12T17:16:11Z	279	7	frontier01570	2048
2026-07-12T17:16:11Z	159	7	frontier00667	2048
2026-07-12T17:16:11Z	1445	5	frontier06935	2048
2026-07-12T17:16:11Z	277	5	frontier01570	2048
2026-07-12T17:16:11Z	798	6	frontier04213	2048
2026-07-12T17:16:11Z	323	3	frontier01878	2048
2026-07-12T17:16:11Z	276	4	frontier01570	2048
2026-07-12T17:16:11Z	1443	3	frontier06935	2048
2026-07-12T17:16:11Z	153	1	frontier00667	2048
2026-07-12T17:16:11Z	796	4	frontier04213	2048
2026-07-12T17:16:11Z	275	3	frontier01570	2048
2026-07-12T17:16:11Z	272	0	frontier01570	2048
2026-07-12T17:16:11Z	278	6	frontier01570	2048
2026-07-12T17:16:11Z	274	2	frontier01570	2048
2026-07-12T17:16:11Z	1447	7	frontier06935	2048
2026-07-12T17:16:11Z	1165	5	frontier05762	2048
2026-07-12T17:16:11Z	1442	2	frontier06935	2048
2026-07-12T17:16:11Z	840	0	frontier04343	2048
2026-07-12T17:16:11Z	152	0	frontier00667	2048
2026-07-12T17:16:11Z	157	5	frontier00667	2048
2026-07-12T17:16:11Z	1160	0	frontier05762	2048
2026-07-12T17:16:11Z	1816	0	frontier08338	2048
2026-07-12T17:16:11Z	1162	2	frontier05762	2048
2026-07-12T17:16:11Z	799	7	frontier04213	2048
2026-07-12T17:16:11Z	1823	7	frontier08338	2048
2026-07-12T17:16:11Z	155	3	frontier00667	2048
2026-07-12T17:16:11Z	1820	4	frontier08338	2048
2026-07-12T17:16:11Z	1819	3	frontier08338	2048
2026-07-12T17:16:11Z	1818	2	frontier08338	2048
2026-07-12T17:16:11Z	1164	4	frontier05762	2048
2026-07-12T17:16:11Z	841	1	frontier04343	2048
2026-07-12T17:16:11Z	792	0	frontier04213	2048
2026-07-12T17:16:11Z	794	2	frontier04213	2048
2026-07-12T17:16:11Z	842	2	frontier04343	2048
2026-07-12T17:16:11Z	844	4	frontier04343	2048
2026-07-12T17:16:11Z	793	1	frontier04213	2048
2026-07-12T17:16:11Z	1817	1	frontier08338	2048
2026-07-12T17:16:11Z	1767	7	frontier08122	2048
2026-07-12T17:16:11Z	1765	5	frontier08122	2048
2026-07-12T17:16:11Z	1764	4	frontier08122	2048
2026-07-12T17:16:11Z	1822	6	frontier08338	2048
2026-07-12T17:16:11Z	1761	1	frontier08122	2048
2026-07-12T17:16:11Z	1821	5	frontier08338	2048
2026-07-12T17:16:11Z	1763	3	frontier08122	2048
2026-07-12T17:16:11Z	1167	7	frontier05762	2048
2026-07-12T17:16:11Z	1760	0	frontier08122	2048
2026-07-12T17:16:11Z	1161	1	frontier05762	2048
2026-07-12T17:16:11Z	359	7	frontier02099	2048
2026-07-12T17:16:11Z	358	6	frontier02099	2048
2026-07-12T17:16:11Z	353	1	frontier02099	2048
2026-07-12T17:16:11Z	352	0	frontier02099	2048
2026-07-12T17:16:11Z	356	4	frontier02099	2048
2026-07-12T17:16:11Z	357	5	frontier02099	2048
2026-07-12T17:16:11Z	355	3	frontier02099	2048
2026-07-12T17:16:11Z	1762	2	frontier08122	2048
2026-07-12T17:16:11Z	354	2	frontier02099	2048
2026-07-12T17:16:11Z	1766	6	frontier08122	2048
2026-07-12T17:16:11Z	819	3	frontier04242	2048
2026-07-12T17:16:11Z	816	0	frontier04242	2048
2026-07-12T17:16:11Z	817	1	frontier04242	2048
2026-07-12T17:16:11Z	660	4	frontier03738	2048
2026-07-12T17:16:11Z	659	3	frontier03738	2048
2026-07-12T17:16:11Z	662	6	frontier03738	2048
2026-07-12T17:16:11Z	822	6	frontier04242	2048
2026-07-12T17:16:11Z	818	2	frontier04242	2048
2026-07-12T17:16:11Z	823	7	frontier04242	2048
2026-07-12T17:16:11Z	657	1	frontier03738	2048
2026-07-12T17:16:11Z	656	0	frontier03738	2048
2026-07-12T17:16:11Z	821	5	frontier04242	2048
2026-07-12T17:16:11Z	663	7	frontier03738	2048
2026-07-12T17:16:11Z	820	4	frontier04242	2048
2026-07-12T17:16:11Z	536	0	frontier03230	2048
2026-07-12T17:16:11Z	658	2	frontier03738	2048
2026-07-12T17:16:11Z	540	4	frontier03230	2048
2026-07-12T17:16:11Z	661	5	frontier03738	2048
2026-07-12T17:16:11Z	543	7	frontier03230	2048
2026-07-12T17:16:11Z	538	2	frontier03230	2048
2026-07-12T17:16:11Z	541	5	frontier03230	2048
2026-07-12T17:16:11Z	537	1	frontier03230	2048
2026-07-12T17:16:11Z	539	3	frontier03230	2048
2026-07-12T17:16:11Z	542	6	frontier03230	2048
2026-07-12T17:16:11Z	763	3	frontier04086	2048
2026-07-12T17:16:11Z	761	1	frontier04086	2048
2026-07-12T17:16:11Z	765	5	frontier04086	2048
2026-07-12T17:16:11Z	764	4	frontier04086	2048
2026-07-12T17:16:11Z	762	2	frontier04086	2048
2026-07-12T17:16:11Z	760	0	frontier04086	2048
2026-07-12T17:16:11Z	766	6	frontier04086	2048
2026-07-12T17:16:11Z	767	7	frontier04086	2048
2026-07-12T17:16:12Z	1748	4	frontier08083	2048
2026-07-12T17:16:12Z	1747	3	frontier08083	2048
2026-07-12T17:16:12Z	1751	7	frontier08083	2048
2026-07-12T17:16:12Z	1744	0	frontier08083	2048
2026-07-12T17:16:12Z	1746	2	frontier08083	2048
2026-07-12T17:16:12Z	1745	1	frontier08083	2048
2026-07-12T17:16:12Z	1750	6	frontier08083	2048
2026-07-12T17:16:12Z	1749	5	frontier08083	2048
2026-07-12T17:16:12Z	1844	4	frontier08458	2048
2026-07-12T17:16:12Z	1842	2	frontier08458	2048
2026-07-12T17:16:12Z	1845	5	frontier08458	2048
2026-07-12T17:16:12Z	1847	7	frontier08458	2048
2026-07-12T17:16:12Z	1846	6	frontier08458	2048
2026-07-12T17:16:12Z	1841	1	frontier08458	2048
2026-07-12T17:16:12Z	1843	3	frontier08458	2048
2026-07-12T17:16:12Z	1840	0	frontier08458	2048
2026-07-12T17:16:12Z	1007	7	frontier04893	2048
2026-07-12T17:16:12Z	1005	5	frontier04893	2048
2026-07-12T17:16:12Z	1003	3	frontier04893	2048
2026-07-12T17:16:12Z	1006	6	frontier04893	2048
2026-07-12T17:16:12Z	1002	2	frontier04893	2048
2026-07-12T17:16:12Z	1001	1	frontier04893	2048
2026-07-12T17:16:12Z	1004	4	frontier04893	2048
2026-07-12T17:16:12Z	1000	0	frontier04893	2048
2026-07-12T17:16:12Z	721	1	frontier03957	2048
2026-07-12T17:16:12Z	720	0	frontier03957	2048
2026-07-12T17:16:12Z	724	4	frontier03957	2048
2026-07-12T17:16:12Z	723	3	frontier03957	2048
2026-07-12T17:16:12Z	726	6	frontier03957	2048
2026-07-12T17:16:12Z	722	2	frontier03957	2048
2026-07-12T17:16:12Z	725	5	frontier03957	2048
2026-07-12T17:16:12Z	727	7	frontier03957	2048
2026-07-12T17:16:12Z	910	6	frontier04594	2048
2026-07-12T17:16:12Z	906	2	frontier04594	2048
2026-07-12T17:16:12Z	904	0	frontier04594	2048
2026-07-12T17:16:12Z	908	4	frontier04594	2048
2026-07-12T17:16:12Z	907	3	frontier04594	2048
2026-07-12T17:16:12Z	905	1	frontier04594	2048
2026-07-12T17:16:12Z	909	5	frontier04594	2048
2026-07-12T17:16:12Z	911	7	frontier04594	2048
2026-07-12T17:16:12Z	1364	4	frontier06680	2048
2026-07-12T17:16:12Z	1365	5	frontier06680	2048
2026-07-12T17:16:12Z	1361	1	frontier06680	2048
2026-07-12T17:16:12Z	1796	4	frontier08206	2048
2026-07-12T17:16:12Z	1794	2	frontier08206	2048
2026-07-12T17:16:12Z	1799	7	frontier08206	2048
2026-07-12T17:16:12Z	1793	1	frontier08206	2048
2026-07-12T17:16:12Z	1797	5	frontier08206	2048
2026-07-12T17:16:12Z	1792	0	frontier08206	2048
2026-07-12T17:16:12Z	1798	6	frontier08206	2048
2026-07-12T17:16:12Z	1795	3	frontier08206	2048
2026-07-12T17:16:12Z	1366	6	frontier06680	2048
2026-07-12T17:16:12Z	449	1	frontier02656	2048
2026-07-12T17:16:12Z	448	0	frontier02656	2048
2026-07-12T17:16:12Z	455	7	frontier02656	2048
2026-07-12T17:16:12Z	452	4	frontier02656	2048
2026-07-12T17:16:12Z	451	3	frontier02656	2048
2026-07-12T17:16:12Z	1114	2	frontier05519	2048
2026-07-12T17:16:12Z	1115	3	frontier05519	2048
2026-07-12T17:16:12Z	1118	6	frontier05519	2048
2026-07-12T17:16:12Z	1113	1	frontier05519	2048
2026-07-12T17:16:12Z	1112	0	frontier05519	2048
2026-07-12T17:16:12Z	1925	5	frontier08836	2048
2026-07-12T17:16:12Z	1922	2	frontier08836	2048
2026-07-12T17:16:12Z	1363	3	frontier06680	2048
2026-07-12T17:16:12Z	1923	3	frontier08836	2048
2026-07-12T17:16:12Z	454	6	frontier02656	2048
2026-07-12T17:16:13Z	1927	7	frontier08836	2048
2026-07-12T17:16:13Z	1999	7	frontier09243	2048
2026-07-12T17:16:13Z	1997	5	frontier09243	2048
2026-07-12T17:16:13Z	1995	3	frontier09243	2048
2026-07-12T17:16:13Z	1924	4	frontier08836	2048
2026-07-12T17:16:13Z	1367	7	frontier06680	2048
2026-07-12T17:16:13Z	1926	6	frontier08836	2048
2026-07-12T17:16:13Z	1117	5	frontier05519	2048
2026-07-12T17:16:13Z	450	2	frontier02656	2048
2026-07-12T17:16:13Z	1119	7	frontier05519	2048
2026-07-12T17:16:13Z	453	5	frontier02656	2048
2026-07-12T17:16:13Z	1921	1	frontier08836	2048
2026-07-12T17:16:13Z	1994	2	frontier09243	2048
2026-07-12T17:16:13Z	1362	2	frontier06680	2048
2026-07-12T17:16:13Z	1993	1	frontier09243	2048
2026-07-12T17:16:13Z	1360	0	frontier06680	2048
2026-07-12T17:16:13Z	1992	0	frontier09243	2048
2026-07-12T17:16:13Z	1920	0	frontier08836	2048
2026-07-12T17:16:13Z	1116	4	frontier05519	2048
2026-07-12T17:16:13Z	1996	4	frontier09243	2048
2026-07-12T17:16:13Z	2038	6	frontier10153	2048
2026-07-12T17:16:13Z	2036	4	frontier10153	2048
2026-07-12T17:16:13Z	2037	5	frontier10153	2048
2026-07-12T17:16:13Z	2032	0	frontier10153	2048
2026-07-12T17:16:13Z	2039	7	frontier10153	2048
2026-07-12T17:16:13Z	2035	3	frontier10153	2048
2026-07-12T17:16:13Z	1998	6	frontier09243	2048
2026-07-12T17:16:13Z	2033	1	frontier10153	2048
2026-07-12T17:16:13Z	613	5	frontier03576	2048
2026-07-12T17:16:13Z	614	6	frontier03576	2048
2026-07-12T17:16:13Z	609	1	frontier03576	2048
2026-07-12T17:16:13Z	611	3	frontier03576	2048
2026-07-12T17:16:13Z	610	2	frontier03576	2048
2026-07-12T17:16:13Z	1232	0	frontier06034	2048
2026-07-12T17:16:13Z	1237	5	frontier06034	2048
2026-07-12T17:16:13Z	2034	2	frontier10153	2048
2026-07-12T17:16:13Z	1235	3	frontier06034	2048
2026-07-12T17:16:13Z	612	4	frontier03576	2048
2026-07-12T17:16:13Z	615	7	frontier03576	2048
2026-07-12T17:16:13Z	1233	1	frontier06034	2048
2026-07-12T17:16:13Z	1238	6	frontier06034	2048
2026-07-12T17:16:13Z	608	0	frontier03576	2048
2026-07-12T17:16:13Z	1236	4	frontier06034	2048
2026-07-12T17:16:13Z	1234	2	frontier06034	2048
2026-07-12T17:16:13Z	1239	7	frontier06034	2048
2026-07-12T17:16:13Z	1627	3	frontier07575	2048
2026-07-12T17:16:13Z	1625	1	frontier07575	2048
2026-07-12T17:16:13Z	1631	7	frontier07575	2048
2026-07-12T17:16:13Z	1629	5	frontier07575	2048
2026-07-12T17:16:13Z	1624	0	frontier07575	2048
2026-07-12T17:16:13Z	1628	4	frontier07575	2048
2026-07-12T17:16:13Z	1630	6	frontier07575	2048
2026-07-12T17:16:13Z	1626	2	frontier07575	2048
2026-07-12T17:16:13Z	1952	0	frontier08962	2048
2026-07-12T17:16:13Z	1958	6	frontier08962	2048
2026-07-12T17:16:13Z	1953	1	frontier08962	2048
2026-07-12T17:16:13Z	1956	4	frontier08962	2048
2026-07-12T17:16:13Z	1959	7	frontier08962	2048
2026-07-12T17:16:13Z	1955	3	frontier08962	2048
2026-07-12T17:16:13Z	1954	2	frontier08962	2048
2026-07-12T17:16:13Z	1957	5	frontier08962	2048
2026-07-12T17:16:13Z	957	5	frontier04731	2048
2026-07-12T17:16:13Z	952	0	frontier04731	2048
2026-07-12T17:16:13Z	958	6	frontier04731	2048
2026-07-12T17:16:13Z	953	1	frontier04731	2048
2026-07-12T17:16:13Z	956	4	frontier04731	2048
2026-07-12T17:16:13Z	954	2	frontier04731	2048
2026-07-12T17:16:13Z	955	3	frontier04731	2048
2026-07-12T17:16:13Z	959	7	frontier04731	2048
2026-07-12T17:16:13Z	491	3	frontier02873	2048
2026-07-12T17:16:13Z	490	2	frontier02873	2048
2026-07-12T17:16:13Z	493	5	frontier02873	2048
2026-07-12T17:16:13Z	494	6	frontier02873	2048
2026-07-12T17:16:13Z	495	7	frontier02873	2048
2026-07-12T17:16:13Z	489	1	frontier02873	2048
2026-07-12T17:16:13Z	744	0	frontier04080	2048
2026-07-12T17:16:13Z	748	4	frontier04080	2048
2026-07-12T17:16:13Z	746	2	frontier04080	2048
2026-07-12T17:16:13Z	747	3	frontier04080	2048
2026-07-12T17:16:13Z	750	6	frontier04080	2048
2026-07-12T17:16:13Z	751	7	frontier04080	2048
2026-07-12T17:16:13Z	492	4	frontier02873	2048
2026-07-12T17:16:13Z	488	0	frontier02873	2048
2026-07-12T17:16:13Z	745	1	frontier04080	2048
2026-07-12T17:16:13Z	749	5	frontier04080	2048
2026-07-12T17:16:13Z	1865	1	frontier08584	2048
2026-07-12T17:16:13Z	1869	5	frontier08584	2048
2026-07-12T17:16:13Z	1870	6	frontier08584	2048
2026-07-12T17:16:13Z	1867	3	frontier08584	2048
2026-07-12T17:16:13Z	1871	7	frontier08584	2048
2026-07-12T17:16:13Z	1864	0	frontier08584	2048
2026-07-12T17:16:13Z	1868	4	frontier08584	2048
2026-07-12T17:16:13Z	1866	2	frontier08584	2048
2026-07-12T17:16:13Z	1643	3	frontier07681	2048
2026-07-12T17:16:13Z	1645	5	frontier07681	2048
2026-07-12T17:16:13Z	1641	1	frontier07681	2048
2026-07-12T17:16:13Z	1644	4	frontier07681	2048
2026-07-12T17:16:13Z	1222	6	frontier05995	2048
2026-07-12T17:16:13Z	1914	2	frontier08759	2048
2026-07-12T17:16:13Z	1220	4	frontier05995	2048
2026-07-12T17:16:13Z	1913	1	frontier08759	2048
2026-07-12T17:16:13Z	1219	3	frontier05995	2048
2026-07-12T17:16:13Z	1917	5	frontier08759	2048
2026-07-12T17:16:13Z	1218	2	frontier05995	2048
2026-07-12T17:16:13Z	1919	7	frontier08759	2048
2026-07-12T17:16:13Z	1217	1	frontier05995	2048
2026-07-12T17:16:13Z	1912	0	frontier08759	2048
2026-07-12T17:16:13Z	1216	0	frontier05995	2048
2026-07-12T17:16:13Z	1915	3	frontier08759	2048
2026-07-12T17:16:13Z	1916	4	frontier08759	2048
2026-07-12T17:16:13Z	1223	7	frontier05995	2048
2026-07-12T17:16:13Z	1221	5	frontier05995	2048
2026-07-12T17:16:13Z	1918	6	frontier08759	2048
2026-07-12T17:16:13Z	1275	3	frontier06279	2048
2026-07-12T17:16:13Z	1278	6	frontier06279	2048
2026-07-12T17:16:13Z	1277	5	frontier06279	2048
2026-07-12T17:16:13Z	1279	7	frontier06279	2048
2026-07-12T17:16:13Z	946	2	frontier04730	2048
2026-07-12T17:16:13Z	947	3	frontier04730	2048
2026-07-12T17:16:13Z	1272	0	frontier06279	2048
2026-07-12T17:16:13Z	1274	2	frontier06279	2048
2026-07-12T17:16:13Z	945	1	frontier04730	2048
2026-07-12T17:16:13Z	951	7	frontier04730	2048
2026-07-12T17:16:13Z	944	0	frontier04730	2048
2026-07-12T17:16:13Z	948	4	frontier04730	2048
2026-07-12T17:16:13Z	1276	4	frontier06279	2048
2026-07-12T17:16:13Z	950	6	frontier04730	2048
2026-07-12T17:16:13Z	1273	1	frontier06279	2048
2026-07-12T17:16:13Z	949	5	frontier04730	2048
2026-07-12T17:16:13Z	1642	2	frontier07681	2048
2026-07-12T17:16:13Z	1640	0	frontier07681	2048
2026-07-12T17:16:13Z	1647	7	frontier07681	2048
2026-07-12T17:16:13Z	1646	6	frontier07681	2048
2026-07-12T17:16:13Z	368	0	frontier02211	2048
2026-07-12T17:16:13Z	369	1	frontier02211	2048
2026-07-12T17:16:13Z	375	7	frontier02211	2048
2026-07-12T17:16:13Z	370	2	frontier02211	2048
2026-07-12T17:16:13Z	371	3	frontier02211	2048
2026-07-12T17:16:13Z	373	5	frontier02211	2048
2026-07-12T17:16:13Z	372	4	frontier02211	2048
2026-07-12T17:16:13Z	374	6	frontier02211	2048
2026-07-12T17:16:13Z	1942	6	frontier08885	2048
2026-07-12T17:16:13Z	1943	7	frontier08885	2048
2026-07-12T17:16:13Z	1940	4	frontier08885	2048
2026-07-12T17:16:13Z	1937	1	frontier08885	2048
2026-07-12T17:16:13Z	1936	0	frontier08885	2048
2026-07-12T17:16:13Z	1939	3	frontier08885	2048
2026-07-12T17:16:13Z	1938	2	frontier08885	2048
2026-07-12T17:16:13Z	1941	5	frontier08885	2048
2026-07-12T17:16:13Z	376	0	frontier02225	2048
2026-07-12T17:16:13Z	378	2	frontier02225	2048
2026-07-12T17:16:13Z	381	5	frontier02225	2048
2026-07-12T17:16:13Z	377	1	frontier02225	2048
2026-07-12T17:16:13Z	383	7	frontier02225	2048
2026-07-12T17:16:13Z	380	4	frontier02225	2048
2026-07-12T17:16:13Z	379	3	frontier02225	2048
2026-07-12T17:16:13Z	382	6	frontier02225	2048
2026-07-12T17:16:14Z	389	5	frontier02298	2048
2026-07-12T17:16:14Z	388	4	frontier02298	2048
2026-07-12T17:16:14Z	387	3	frontier02298	2048
2026-07-12T17:16:14Z	386	2	frontier02298	2048
2026-07-12T17:16:14Z	390	6	frontier02298	2048
2026-07-12T17:16:14Z	385	1	frontier02298	2048
2026-07-12T17:16:14Z	384	0	frontier02298	2048
2026-07-12T17:16:14Z	391	7	frontier02298	2048
2026-07-12T17:16:14Z	1175	7	frontier05763	2048
2026-07-12T17:16:14Z	1172	4	frontier05763	2048
2026-07-12T17:16:14Z	1174	6	frontier05763	2048
2026-07-12T17:16:14Z	1171	3	frontier05763	2048
2026-07-12T17:16:14Z	1168	0	frontier05763	2048
2026-07-12T17:16:14Z	1169	1	frontier05763	2048
2026-07-12T17:16:14Z	1173	5	frontier05763	2048
2026-07-12T17:16:14Z	1170	2	frontier05763	2048
2026-07-12T17:16:14Z	1038	6	frontier05026	2048
2026-07-12T17:16:14Z	1039	7	frontier05026	2048
2026-07-12T17:16:14Z	1036	4	frontier05026	2048
2026-07-12T17:16:14Z	1032	0	frontier05026	2048
2026-07-12T17:16:14Z	1034	2	frontier05026	2048
2026-07-12T17:16:14Z	1035	3	frontier05026	2048
2026-07-12T17:16:14Z	1033	1	frontier05026	2048
2026-07-12T17:16:14Z	1037	5	frontier05026	2048
2026-07-12T17:16:14Z	839	7	frontier04342	2048
2026-07-12T17:16:14Z	833	1	frontier04342	2048
2026-07-12T17:16:14Z	835	3	frontier04342	2048
2026-07-12T17:16:14Z	832	0	frontier04342	2048
2026-07-12T17:16:14Z	836	4	frontier04342	2048
2026-07-12T17:16:14Z	837	5	frontier04342	2048
2026-07-12T17:16:14Z	838	6	frontier04342	2048
2026-07-12T17:16:14Z	834	2	frontier04342	2048
